name,datetime,tempmax,tempmin,temp,feelslikemax,feelslikemin,feelslike,dew,humidity,precip,precipprob,precipcover,preciptype,snow,snowdepth,windgust,windspeed,winddir,sealevelpressure,cloudcover,visibility,solarradiation,solarenergy,uvindex,severerisk,sunrise,sunset,moonphase,conditions,description,icon,stations
"Auckland,New Zealand",2023-01-01,22.2,16.9,19.1,22.2,16.9,19.1,12.7,66.7,1.342,100,8.33,rain,0,0,19.5,16.1,89.5,1021.4,72.3,8.2,285,24.7,10,10,2023-01-01T06:04:58,2023-01-01T20:43:15,0.29,"Rain, Partially cloudy",Partly cloudy throughout the day with rain.,rain,"D0000,93119099999,NZAA,93129099999,93110099999,C4778"
"Auckland,New Zealand",2023-01-02,21,16.1,18.3,21,16.1,18.3,13.3,72.7,0.358,100,8.33,rain,0,0,30,19.7,94,1020.4,86.9,8.4,209.5,18.3,7,10,2023-01-02T06:05:45,2023-01-02T20:43:24,0.33,"Rain, Partially cloudy",Partly cloudy throughout the day with rain.,rain,"93119099999,NZAA,93129099999,93110099999,C4778"
"Auckland,New Zealand",2023-01-03,22.8,17,19.8,22.8,17,19.8,14.1,70.1,0.008,100,4.17,rain,0,0,35.8,26.4,74.2,1017.2,79.7,8.3,230.6,19.9,9,10,2023-01-03T06:06:33,2023-01-03T20:43:31,0.36,"Rain, Partially cloudy",Partly cloudy throughout the day with morning rain.,rain,"93119099999,NZAA,93129099999,93110099999,C4778"
"Auckland,New Zealand",2023-01-04,21.1,18,19,21.1,18,19,16.6,86.2,2.582,100,20.83,rain,0,0,43.8,28.9,68.4,1012.5,79,5.9,65,5.6,2,10,2023-01-04T06:07:22,2023-01-04T20:43:35,0.4,"Rain, Partially cloudy",Partly cloudy throughout the day with a chance of rain throughout the day.,rain,"93119099999,NZAA,93129099999,93110099999,C4778"
"Auckland,New Zealand",2023-01-05,21.8,18.1,19.6,21.8,18.1,19.6,18.2,92,26.704,100,25,rain,0,0,41.2,27.7,60.3,1010.9,95.9,5.5,69.1,6.1,2,10,2023-01-05T06:08:12,2023-01-05T20:43:38,0.43,"Rain, Overcast",Cloudy skies throughout the day with a chance of rain throughout the day.,rain,"93119099999,NZAA,93129099999,93110099999,C4778"
"Auckland,New Zealand",2023-01-06,21,19.1,20.1,21,19.1,20.1,19,93.6,6.007,100,16.67,rain,0,0,31.1,18.3,62.2,1010.4,94.1,5.3,60.2,5.1,2,10,2023-01-06T06:09:04,2023-01-06T20:43:39,0.47,"Rain, Overcast",Cloudy skies throughout the day with a chance of rain throughout the day.,rain,"93119099999,NZAA,93129099999,93110099999,C4778"
"Auckland,New Zealand",2023-01-07,22.1,19.1,20.5,22.1,19.1,20.5,19.6,94.7,6.09,100,16.67,rain,0,0,16.3,9.2,174.2,1007.8,84.4,7.2,97,8.4,3,10,2023-01-07T06:09:57,2023-01-07T20:43:38,0.5,"Rain, Partially cloudy",Partly cloudy throughout the day with a chance of rain throughout the day.,rain,"93119099999,NZAA,93129099999,93110099999,C4778"
"Auckland,New Zealand",2023-01-08,25.8,17.1,20.9,25.8,17.1,20.9,19.1,89.8,3.259,100,12.5,rain,0,0,19.7,12.8,233,1010.2,46.3,7.5,208.5,18,10,10,2023-01-08T06:10:51,2023-01-08T20:43:34,0.53,"Rain, Partially cloudy",Partly cloudy throughout the day with rain.,rain,"93119099999,E2751,NZAA,93129099999,93110099999,C4778"
"Auckland,New Zealand",2023-01-09,25.8,18.9,21.7,25.8,18.9,21.7,17.3,77.7,2.991,100,12.5,rain,0,0,31.5,20.8,112.4,1008.7,73,8.4,198.2,17,7,10,2023-01-09T06:11:46,2023-01-09T20:43:29,0.57,"Rain, Partially cloudy",Partly cloudy throughout the day with rain.,rain,"93119099999,NZAA,93129099999,93110099999,C4778"
"Auckland,New Zealand",2023-01-10,19.9,16.2,18.4,19.9,16.2,18.4,16.9,91.4,19.907,100,25,rain,0,0,41.2,24.2,145.6,998.4,85.5,6.8,106.3,9,4,10,2023-01-10T06:12:43,2023-01-10T20:43:22,0.6,"Rain, Partially cloudy",Partly cloudy throughout the day with a chance of rain throughout the day.,rain,"93119099999,NZAA,93129099999,93110099999,C4778"
"Auckland,New Zealand",2023-01-11,20.8,16.2,18.4,20.8,16.2,18.4,17.3,93.9,5.322,100,16.67,rain,0,0,34,27.7,239.5,990.1,93.6,5.1,204.7,17.5,8,10,2023-01-11T06:13:40,2023-01-11T20:43:12,0.63,"Rain, Overcast",Cloudy skies throughout the day with a chance of rain throughout the day.,rain,"93119099999,NZAA,93129099999,93110099999,C4778"
"Auckland,New Zealand",2023-01-12,21.8,17.1,18.8,21.8,17.1,18.8,16.7,88.4,3.785,100,33.33,rain,0,0,29.1,24.2,210.6,1004.3,91.5,6.5,172.1,15,6,10,2023-01-12T06:14:38,2023-01-12T20:43:01,0.67,"Rain, Overcast",Cloudy skies throughout the day with a chance of rain throughout the day.,rain,"93119099999,NZAA,93129099999,93110099999,C4778"
"Auckland,New Zealand",2023-01-13,22.8,17,18.9,22.8,17,18.9,15.3,80.8,0.283,100,8.33,rain,0,0,12.1,12.8,105.1,1016.1,93.8,8.5,218,18.9,8,10,2023-01-13T06:15:37,2023-01-13T20:42:47,0.7,"Rain, Overcast",Cloudy skies throughout the day with rain in the morning and afternoon.,rain,"93119099999,NZAA,93129099999,93110099999,C4778"
"Auckland,New Zealand",2023-01-14,22,16.8,19.2,22,16.8,19.2,15.6,80.3,0.715,100,12.5,rain,0,0,13.6,11.4,47.9,1020.8,84.4,8.2,252.3,21.7,10,10,2023-01-14T06:16:37,2023-01-14T20:42:32,0.73,"Rain, Partially cloudy",Partly cloudy throughout the day with rain.,rain,"93119099999,NZAA,93129099999,93110099999,C4778"
"Auckland,New Zealand",2023-01-15,23.8,16.9,19.7,23.8,16.9,19.7,13.5,69.9,0.017,100,4.17,rain,0,0,13.6,10.3,71.6,1024.7,93.6,8.5,192,16.6,6,10,2023-01-15T06:17:37,2023-01-15T20:42:14,0.75,"Rain, Overcast",Cloudy skies throughout the day with morning rain.,rain,"93119099999,NZAA,93129099999,93110099999,C4778"
"Auckland,New Zealand",2023-01-16,23.9,16.8,19.8,23.9,16.8,19.8,13.7,69.4,0.058,100,12.5,rain,0,0,14.5,11.4,72,1024.2,63.5,8.5,343.7,29.8,10,10,2023-01-16T06:18:38,2023-01-16T20:41:55,0.8,"Rain, Partially cloudy",Partly cloudy throughout the day with rain.,rain,"93119099999,NZAA,93129099999,93110099999,C4778"
"Auckland,New Zealand",2023-01-17,23.1,15.9,18.9,23.1,15.9,18.9,14.9,78.5,8.643,100,12.5,rain,0,0,11.2,9.2,198.2,1018.1,71.2,8,154.3,13.4,7,10,2023-01-17T06:19:40,2023-01-17T20:41:33,0.84,"Rain, Partially cloudy",Partly cloudy throughout the day with rain.,rain,"93119099999,NZAA,93129099999,93110099999,C4778"
"Auckland,New Zealand",2023-01-18,24.9,14.9,19.6,24.9,14.9,19.6,15.6,79.6,0.792,100,8.33,rain,0,0,15.7,18.3,214,1010.7,40.3,8.2,361.6,31.2,10,10,2023-01-18T06:20:43,2023-01-18T20:41:10,0.87,"Rain, Partially cloudy",Partly cloudy throughout the day with rain clearing later.,rain,"93119099999,NZAA,93129099999,93110099999,C4778"
"Auckland,New Zealand",2023-01-19,24.1,17,20.8,24.1,17,20.8,15.7,73.8,0,0,0,rain,0,0,16.6,16.1,222.1,1006.3,29.6,8.4,330.8,28.7,10,10,2023-01-19T06:21:46,2023-01-19T20:40:44,0.9,Partially cloudy,Partly cloudy throughout the day.,partly-cloudy-day,"93119099999,NZAA,93129099999,93110099999,C4778"
"Auckland,New Zealand",2023-01-20,24,18,20.8,24,18,20.8,16.3,76.6,0,0,0,,0,0,17.2,18.3,234.8,1007.4,21.3,8.5,365.1,31.6,10,10,2023-01-20T06:22:49,2023-01-20T20:40:17,0.94,Partially cloudy,Partly cloudy throughout the day.,partly-cloudy-day,"93119099999,NZAA,93129099999,93110099999,C4778"
"Auckland,New Zealand",2023-01-21,24.1,18.9,21.3,24.1,18.9,21.3,16.9,76.4,0,0,0,rain,0,0,19.9,17.2,226.5,1010.7,17.4,8.4,248.5,21.4,10,10,2023-01-21T06:23:53,2023-01-21T20:39:48,0.97,Clear,Clear conditions throughout the day.,clear-day,"93119099999,NZAA,93129099999,93110099999,C4778"
"Auckland,New Zealand",2023-01-22,24.8,17,20.4,24.8,17,20.4,16.3,77.7,0,0,0,rain,0,0,12.3,15,205.2,1014.8,16.8,8.2,310.5,26.8,10,10,2023-01-22T06:24:58,2023-01-22T20:39:17,0,Clear,Clear conditions throughout the day.,clear-day,"93119099999,NZAA,93129099999,93110099999,C4778"
"Auckland,New Zealand",2023-01-23,23,16.9,20,23,16.9,20,14.2,70.5,0,0,0,,0,0,15.4,11.4,210.1,1016.8,14.1,8.5,378.5,32.6,10,10,2023-01-23T06:26:03,2023-01-23T20:38:44,0.04,Clear,Clear conditions throughout the day.,clear-day,"93119099999,NZAA,93129099999,93110099999,C4778"
"Auckland,New Zealand",2023-01-24,24,16.1,19.9,24,16.1,19.9,15.3,75.6,2.925,100,12.5,rain,0,0,28.9,18.3,46.8,1018.9,39.2,8.1,253.3,21.9,10,10,2023-01-24T06:27:08,2023-01-24T20:38:09,0.07,"Rain, Partially cloudy",Partly cloudy throughout the day with rain.,rain,"93119099999,NZAA,93129099999,93110099999,C4778"
"Auckland,New Zealand",2023-01-25,24.1,15.8,20,24.1,15.8,20,14.3,71.4,0,0,0,,0,0,18.3,18.3,51.3,1022.3,30.2,8.4,250.7,21.7,9,10,2023-01-25T06:28:13,2023-01-25T20:37:32,0.1,Partially cloudy,Partly cloudy throughout the day.,partly-cloudy-day,"93119099999,NZAA,93129099999,93110099999,C4778"
"Auckland,New Zealand",2023-01-26,24,16.1,19.9,24,16.1,19.9,14.1,70.8,0.025,100,4.17,rain,0,0,32.2,21.9,75.7,1020.5,55.6,8.4,273.5,23.6,10,10,2023-01-26T06:29:19,2023-01-26T20:36:54,0.14,"Rain, Partially cloudy",Partly cloudy throughout the day with late afternoon rain.,rain,"93119099999,NZAA,93129099999,93110099999,C4778"
"Auckland,New Zealand",2023-01-27,20.1,17.2,19.4,20.1,17.2,19.4,18.7,95.9,108.086,100,29.17,rain,0,0,36.7,25.3,57.2,1011.4,92.5,3.9,23.2,1.9,1,10,2023-01-27T06:30:25,2023-01-27T20:36:13,0.17,"Rain, Overcast",Cloudy skies throughout the day with a chance of rain throughout the day.,rain,"93119099999,NZAA,93129099999,93110099999,C4778"
"Auckland,New Zealand",2023-01-28,23.9,20,21.9,23.9,20,21.9,20.5,91.8,164.763,100,25,rain,0,0,27.3,27.7,31.4,1007.2,91.8,6.4,257.7,22.3,10,30,2023-01-28T06:31:31,2023-01-28T20:35:31,0.2,"Rain, Overcast",Cloudy skies throughout the day with a chance of rain throughout the day.,rain,"93119099999,E2751,NZAA,93129099999,93110099999,C4778"
"Auckland,New Zealand",2023-01-29,24,20.2,21.6,24,20.2,21.6,20.7,95.1,12.905,100,20.83,rain,0,0,26.4,17.2,48.9,1015,83.9,6.2,91,8,4,30,2023-01-29T06:32:37,2023-01-29T20:34:47,0.25,"Rain, Partially cloudy",Partly cloudy throughout the day with a chance of rain throughout the day.,rain,"93119099999,NZAA,93129099999,93110099999,C4778"
"Auckland,New Zealand",2023-01-30,21.9,19.1,20.7,21.9,19.1,20.7,18.4,87.2,13.043,100,16.67,rain,0,0,27.3,16.1,63.6,1018,70.2,6.6,101,8.5,3,10,2023-01-30T06:33:43,2023-01-30T20:34:02,0.27,"Rain, Partially cloudy",Partly cloudy throughout the day with a chance of rain throughout the day.,rain,"93119099999,NZAA,93129099999,93110099999,C4778"
"Auckland,New Zealand",2023-01-31,22.8,19,20.8,22.8,19,20.8,18.4,86.4,2.891,100,12.5,rain,0,0,42.5,28.9,72.9,1015,79.8,6.5,94.4,8.1,4,10,2023-01-31T06:34:49,2023-01-31T20:33:15,0.3,"Rain, Partially cloudy",Partly cloudy throughout the day with a chance of rain throughout the day.,rain,"93119099999,NZAA,93129099999,93110099999,C4778"
"Auckland,New Zealand",2023-02-01,26,19,21.9,26,19,21.9,19.9,88.8,32.332,100,16.67,rain,0,0,41.2,23,46.5,1011.2,82,6.4,274.2,23.5,10,30,2023-02-01T06:35:56,2023-02-01T20:32:26,0.34,"Rain, Partially cloudy",Partly cloudy throughout the day with a chance of rain throughout the day.,rain,"93119099999,NZAA,93129099999,93110099999,C4778"
"Auckland,New Zealand",2023-02-02,26.1,20.1,22.5,26.1,20.1,22.5,20.5,88.7,1.075,100,8.33,rain,0,0,31.1,18.3,33.6,1013,72.7,7.3,258.2,22.3,10,10,2023-02-02T06:37:02,2023-02-02T20:31:36,0.37,"Rain, Partially cloudy",Partly cloudy throughout the day with rain.,rain,"93119099999,NZAA,93129099999,93110099999,C4778"
"Auckland,New Zealand",2023-02-03,22.9,21,21.7,22.9,21,21.7,20.9,95.6,8.642,100,16.67,rain,0,0,27.3,23,34.9,1016.7,92.7,4.7,85,7.4,3,10,2023-02-03T06:38:08,2023-02-03T20:30:44,0.41,"Rain, Overcast",Cloudy skies throughout the day with a chance of rain throughout the day.,rain,"93119099999,E2751,NZAA,93129099999,93110099999,C4778"
"Auckland,New Zealand",2023-02-04,25.1,20.9,22.5,25.1,20.9,22.5,19.7,84.8,0.583,100,8.33,rain,0,0,17.7,12.8,23.3,1019.4,51.8,7,206.9,18,7,10,2023-02-04T06:39:14,2023-02-04T20:29:51,0.44,"Rain, Partially cloudy",Partly cloudy throughout the day with rain clearing later.,rain,"93119099999,NZAA,93129099999,93110099999,C4778"
"Auckland,New Zealand",2023-02-05,25,18.9,21.7,25,18.9,21.7,18.5,82.8,0,0,0,rain,0,0,18.3,17.2,27.8,1016.8,48.2,7.9,286.8,24.8,10,10,2023-02-05T06:40:20,2023-02-05T20:28:56,0.47,Partially cloudy,Partly cloudy throughout the day.,partly-cloudy-day,"93119099999,NZAA,93129099999,93110099999,C4778"
"Auckland,New Zealand",2023-02-06,23.8,17.2,20.4,23.8,17.2,20.4,18.2,88,11.867,100,16.67,rain,0,0,20.8,16.1,297,1011.4,63.7,6.3,189.7,16.5,7,10,2023-02-06T06:41:26,2023-02-06T20:27:59,0.5,"Rain, Partially cloudy",Partly cloudy throughout the day with a chance of rain throughout the day.,rain,"93119099999,NZAA,93129099999,93110099999,C4778"
"Auckland,New Zealand",2023-02-07,23.2,16.9,20.6,23.2,16.9,20.6,15.6,73.9,0.008,100,4.17,rain,0,0,15.7,15,220.1,1008.9,39.4,7.1,208.4,18.1,6,10,2023-02-07T06:42:32,2023-02-07T20:27:01,0.54,"Rain, Partially cloudy",Partly cloudy throughout the day with morning rain.,rain,"93119099999,NZAA,93129099999,93110099999,C4778"
"Auckland,New Zealand",2023-02-08,23.2,17.1,20.5,23.2,17.1,20.5,14.8,70.4,0,0,0,rain,0,0,17.7,17.2,234.6,1007.5,22.5,7.9,206.8,17.7,9,10,2023-02-08T06:43:38,2023-02-08T20:26:02,0.58,Partially cloudy,Becoming cloudy in the afternoon.,partly-cloudy-day,"93119099999,NZAA,93129099999,93110099999,C4778"
"Auckland,New Zealand",2023-02-09,22.1,17.8,19.6,22.1,17.8,19.6,12.8,65.7,0.1,100,4.17,rain,0,0,21.5,20.8,220.7,1010.7,45.4,8.1,272.3,23.4,10,10,2023-02-09T06:44:43,2023-02-09T20:25:01,0.61,"Rain, Partially cloudy",Partly cloudy throughout the day with morning rain.,rain,"93119099999,NZAA,93129099999,93110099999,C4778"
"Auckland,New Zealand",2023-02-10,23.8,15.1,19.3,23.8,15.1,19.3,13.7,70.7,0,0,0,rain,0,0,22.1,17.2,148.5,1016,50.3,8.4,264.7,22.9,10,10,2023-02-10T06:45:48,2023-02-10T20:23:59,0.64,Partially cloudy,Partly cloudy throughout the day.,partly-cloudy-day,"93119099999,NZAA,93129099999,93110099999,C4778"
"Auckland,New Zealand",2023-02-11,22.8,17.1,19.6,22.8,17.1,19.6,14.6,73.8,0.159,100,12.5,rain,0,0,33.8,23,86.7,1014.5,44.5,8.1,204.8,17.7,7,10,2023-02-11T06:46:53,2023-02-11T20:22:56,0.68,"Rain, Partially cloudy",Partly cloudy throughout the day with rain.,rain,"93119099999,NZAA,93129099999,93110099999,C4778"
"Auckland,New Zealand",2023-02-12,18.9,16.9,17.8,18.9,16.9,17.8,15.1,84.6,16.522,100,33.33,rain,0,0,51.9,27.7,110.2,1003.4,83.9,7.6,62.2,5.3,3,10,2023-02-12T06:47:58,2023-02-12T20:21:51,0.71,"Rain, Partially cloudy",Partly cloudy throughout the day with a chance of rain throughout the day.,rain,"93119099999,NZAA,93129099999,93110099999,C4778"
"Auckland,New Zealand",2023-02-13,18.1,16,16.9,18.1,16,16.9,15.2,89.8,29.043,100,29.17,rain,0,0,55.9,32.2,149.2,987.2,90.8,5.5,35.5,3.1,1,10,2023-02-13T06:49:02,2023-02-13T20:20:45,0.75,"Rain, Overcast",Cloudy skies throughout the day with a chance of rain throughout the day.,rain,"93119099999,NZAA,93129099999,93110099999,C4778"
"Auckland,New Zealand",2023-02-14,20.1,16.1,18.4,20.1,16.1,18.4,15.9,85.7,53.4,100,16.67,rain,0,0,55.3,39.1,210.4,980.8,93.1,4.9,109,9.3,4,10,2023-02-14T06:50:06,2023-02-14T20:19:38,0.75,"Rain, Overcast",Cloudy skies throughout the day with a chance of rain throughout the day.,rain,"93119099999,NZAA,93129099999,93110099999,C4778"
"Auckland,New Zealand",2023-02-15,22.9,18.1,20.2,22.9,18.1,20.2,16.8,81.2,0,0,0,,0,0,39.4,26.4,244.6,998.7,38,6.7,298.3,25.7,10,10,2023-02-15T06:51:10,2023-02-15T20:18:30,0.82,Partially cloudy,Partly cloudy throughout the day.,partly-cloudy-day,"93119099999,NZAA,93129099999,93110099999,C4778"
"Auckland,New Zealand",2023-02-16,22.9,17.1,19.5,22.9,17.1,19.5,16.4,82.7,0,0,0,rain,0,0,14.1,16.1,246.3,1003.8,29.9,8,190.5,16.5,9,10,2023-02-16T06:52:13,2023-02-16T20:17:20,0.85,Partially cloudy,Partly cloudy throughout the day.,partly-cloudy-day,"93119099999,NZAA,93129099999,93110099999,C4778"
"Auckland,New Zealand",2023-02-17,23,15.1,19,23,15.1,19,13.6,72,0.017,100,4.17,rain,0,0,17.9,18.3,187.5,1010.1,22.9,8.4,347.6,30.1,10,10,2023-02-17T06:53:16,2023-02-17T20:16:10,0.89,"Rain, Partially cloudy",Clearing in the afternoon with afternoon rain.,rain,"D0000,93119099999,NZAA,93129099999,93110099999,C4778"
"Auckland,New Zealand",2023-02-18,23.9,13.1,18.2,23.9,13.1,18.2,15.2,84.1,16.51,100,16.67,rain,0,0,9.8,8.1,173.5,1017.4,43.3,7.6,272.8,23.7,9,10,2023-02-18T06:54:19,2023-02-18T20:14:58,0.92,"Rain, Partially cloudy",Partly cloudy throughout the day with rain.,rain,"93119099999,NZAA,93129099999,93110099999,C4778"
"Auckland,New Zealand",2023-02-19,23,15.1,19.4,23,15.1,19.4,16.3,83.1,15.343,100,8.33,rain,0,0,12.8,13.9,225.1,1022.1,30.6,7.8,293.6,25.4,10,10,2023-02-19T06:55:22,2023-02-19T20:13:45,0.95,"Rain, Partially cloudy",Partly cloudy throughout the day with rain.,rain,"93119099999,NZAA,93129099999,93110099999,C4778"
"Auckland,New Zealand",2023-02-20,23.8,15.1,19.5,23.8,15.1,19.5,16.8,84.8,0,0,0,,0,0,10.5,15,218.2,1025.2,2.3,8.2,297.1,25.6,10,10,2023-02-20T06:56:24,2023-02-20T20:12:32,0,Clear,Clear conditions throughout the day.,clear-day,"93119099999,NZAA,93129099999,93110099999,C4778"
"Auckland,New Zealand",2023-02-21,23.9,15.9,19.7,23.9,15.9,19.7,16.9,85.2,0.2,100,4.17,rain,0,0,6,12.8,212.1,1023.9,13.7,7.3,343.1,29.5,10,10,2023-02-21T06:57:25,2023-02-21T20:11:17,0.02,Rain,Clear conditions throughout the day with afternoon rain.,rain,"93119099999,NZAA,93129099999,93110099999,C4778"
"Auckland,New Zealand",2023-02-22,24.1,15.9,19.8,24.1,15.9,19.8,17.1,85.3,0,0,0,rain,0,0,11.4,15,233.6,1017,43.3,7.3,168.8,14.7,6,10,2023-02-22T06:58:27,2023-02-22T20:10:01,0.05,Partially cloudy,Partly cloudy throughout the day.,partly-cloudy-day,"93119099999,NZAA,93129099999,93110099999,C4778"
"Auckland,New Zealand",2023-02-23,23,18,19.8,23,18,19.8,17.1,84.6,0.192,100,4.17,rain,0,0,10.7,17.2,240,1011.9,81.6,8.1,208.7,18,9,10,2023-02-23T06:59:28,2023-02-23T20:08:45,0.09,"Rain, Partially cloudy",Partly cloudy throughout the day with late afternoon rain.,rain,"93119099999,E2751,NZAA,93129099999,93110099999,C4778"
"Auckland,New Zealand",2023-02-24,18.9,14.9,16.5,18.9,14.9,16.5,14.6,88.9,24.99,100,33.33,rain,0,0,21.9,18.3,123.1,1013.2,93.6,6.5,53,4.5,3,10,2023-02-24T07:00:29,2023-02-24T20:07:28,0.12,"Rain, Overcast",Cloudy skies throughout the day with a chance of rain throughout the day.,rain,"93119099999,NZAA,93129099999,93110099999,C4778"
"Auckland,New Zealand",2023-02-25,21.1,14.9,18,21.1,14.9,18,15.6,86.3,24.366,100,29.17,rain,0,0,23.3,21.9,55.5,1014.4,92,7.8,177.5,15.1,8,10,2023-02-25T07:01:29,2023-02-25T20:06:09,0.15,"Rain, Overcast",Cloudy skies throughout the day with a chance of rain throughout the day.,rain,"93119099999,E2751,NZAA,93129099999,93110099999,C4778"
"Auckland,New Zealand",2023-02-26,24,14.8,19.6,24,14.8,19.6,15.5,78.7,0.391,100,8.33,rain,0,0,11.2,12.8,20,1018.3,47.7,8.3,280,24.2,10,10,2023-02-26T07:02:29,2023-02-26T20:04:50,0.19,"Rain, Partially cloudy",Partly cloudy throughout the day with rain clearing later.,rain,"93119099999,E2751,NZAA,93129099999,93110099999,C4778"
"Auckland,New Zealand",2023-02-27,22,17.8,19.3,22,17.8,19.3,17.2,87.7,4.074,100,20.83,rain,0,0,11.4,11.4,174,1014.7,52.1,7.9,146.8,12.6,5,10,2023-02-27T07:03:29,2023-02-27T20:03:30,0.25,"Rain, Partially cloudy",Becoming cloudy in the afternoon with a chance of rain throughout the day.,rain,"93119099999,NZAA,93129099999,93110099999,C4778"
"Auckland,New Zealand",2023-02-28,23,16.8,19.1,23,16.8,19.1,15.7,81.8,0.399,100,12.5,rain,0,0,16.8,16.1,200,1011.9,46.4,8.5,295.8,25.5,10,10,2023-02-28T07:04:28,2023-02-28T20:02:10,0.25,"Rain, Partially cloudy",Partly cloudy throughout the day with a chance of rain throughout the day.,rain,"93119099999,NZAA,93129099999,93110099999,C4778"
"Auckland,New Zealand",2023-03-01,23.9,14.9,19,23.9,14.9,19,16.6,86.8,0,0,0,rain,0,0,11.2,13.9,214.1,1011.8,12.7,7.6,215.4,18.5,10,10,2023-03-01T07:05:27,2023-03-01T20:00:48,0.28,Clear,Clear conditions throughout the day.,clear-day,"93119099999,NZAA,93129099999,93110099999,C4778"
"Auckland,New Zealand",2023-03-02,23.1,15.1,19.2,23.1,15.1,19.2,15.7,81.6,0.2,100,4.17,rain,0,0,14.1,15,208.7,1013,5.5,8.2,319.8,27.5,10,10,2023-03-02T07:06:25,2023-03-02T19:59:26,0.32,Rain,Clear conditions throughout the day with afternoon rain.,rain,"93119099999,NZAA,93129099999,93110099999,C4778"
"Auckland,New Zealand",2023-03-03,24,15,19.2,24,15,19.2,16.4,84.6,0,0,0,,0,0,5.6,13.9,211.4,1011.6,45.8,7.6,276.1,23.8,10,10,2023-03-03T07:07:24,2023-03-03T19:58:04,0.35,Partially cloudy,Partly cloudy throughout the day.,partly-cloudy-day,"93119099999,NZAA,93129099999,93110099999,C4778"
"Auckland,New Zealand",2023-03-04,23.2,17.1,20.4,23.2,17.1,20.4,17.2,82.8,0.008,100,4.17,rain,0,0,21.5,16.1,215.3,1009.3,41.5,8.3,305.7,26.4,10,10,2023-03-04T07:08:22,2023-03-04T19:56:41,0.38,"Rain, Partially cloudy",Partly cloudy throughout the day with afternoon rain.,rain,"93119099999,NZAA,93129099999,93110099999,C4778"
"Auckland,New Zealand",2023-03-05,22.1,18.8,20,22.1,18.8,20,15.8,77,0,0,0,,0,0,22.4,18.3,218.7,1009.2,80.7,7.3,243.8,21.1,10,10,2023-03-05T07:09:19,2023-03-05T19:55:17,0.42,Partially cloudy,Partly cloudy throughout the day.,partly-cloudy-day,"93119099999,NZAA,93129099999,93110099999,C4778"
"Auckland,New Zealand",2023-03-06,21.8,16.1,19,21.8,16.1,19,15.5,80.6,1.637,100,16.67,rain,0,0,17.9,15,150.8,1011.7,79.5,7.8,162.1,14.1,6,10,2023-03-06T07:10:16,2023-03-06T19:53:52,0.45,"Rain, Partially cloudy",Partly cloudy throughout the day with a chance of rain throughout the day.,rain,"93119099999,NZAA,93129099999,93110099999,C4778"
"Auckland,New Zealand",2023-03-07,22.9,13.1,18.4,22.9,13.1,18.4,14.2,78.3,0.024,100,12.5,rain,0,0,11.9,16.1,233.8,1015.7,19.9,8.4,285.5,24.5,10,10,2023-03-07T07:11:13,2023-03-07T19:52:28,0.48,Rain,Clear conditions throughout the day with a chance of rain throughout the day.,rain,"93119099999,NZAA,93129099999,93110099999,C4778"
"Auckland,New Zealand",2023-03-08,22.1,12.9,18.1,22.1,12.9,18.1,13.8,77,0.008,100,4.17,rain,0,0,13,13.9,230.7,1015.4,13.9,8.4,292.5,25.4,10,10,2023-03-08T07:12:10,2023-03-08T19:51:02,0.5,Rain,Clear conditions throughout the day with afternoon rain.,rain,"93119099999,NZAA,93129099999,93110099999,C4778"
"Auckland,New Zealand",2023-03-09,22.1,14.1,19,22.1,14.1,19,15.3,80.3,0,0,0,,0,0,16.8,13.9,309.3,1012.4,26.4,8.2,161.8,14,7,10,2023-03-09T07:13:06,2023-03-09T19:49:36,0.55,Partially cloudy,Partly cloudy throughout the day.,partly-cloudy-day,"93119099999,NZAA,93129099999,93110099999,C4778"
"Auckland,New Zealand",2023-03-10,23.8,19,20.4,23.8,19,20.4,17.5,83.8,3.209,100,12.5,rain,0,0,25.5,19.7,285.6,1007.2,79.5,7.7,124.9,10.8,5,30,2023-03-10T07:14:02,2023-03-10T19:48:10,0.59,"Rain, Partially cloudy",Partly cloudy throughout the day with rain.,rain,"93119099999,NZAA,93129099999,93110099999,C4778"
"Auckland,New Zealand",2023-03-11,22,18.1,19.8,22,18.1,19.8,14.5,72,0.591,100,8.33,rain,0,0,24.2,20.8,221.5,1012.4,31,7.6,293,25.3,10,10,2023-03-11T07:14:58,2023-03-11T19:46:44,0.62,"Rain, Partially cloudy",Partly cloudy throughout the day with rain.,rain,"93119099999,E2751,NZAA,93129099999,93110099999,C4778"
"Auckland,New Zealand",2023-03-12,22.9,16.1,19.3,22.9,16.1,19.3,14.8,76.2,0,0,0,,0,0,17.7,16.1,222.2,1014.5,21.3,8.2,241.3,20.7,7,10,2023-03-12T07:15:54,2023-03-12T19:45:17,0.66,Partially cloudy,Partly cloudy throughout the day.,partly-cloudy-day,"93119099999,NZAA,93129099999,93110099999,C4778"
"Auckland,New Zealand",2023-03-13,22.8,16.1,18.9,22.8,16.1,18.9,15.6,81.2,0.775,100,8.33,rain,0,0,24.2,18.3,281,1012,60.6,7.8,112.3,9.7,5,10,2023-03-13T07:16:49,2023-03-13T19:43:49,0.69,"Rain, Partially cloudy",Partly cloudy throughout the day with late afternoon rain.,rain,"93119099999,NZAA,93129099999,93110099999,C4778"
"Auckland,New Zealand",2023-03-14,21.1,14.9,17.9,21.1,14.9,17.9,10.3,61.7,0.966,100,8.33,rain,0,0,22.8,16.1,204,1018.9,20.2,8.4,296.5,25.6,9,10,2023-03-14T07:17:44,2023-03-14T19:42:22,0.73,"Rain, Partially cloudy",Partly cloudy throughout the day with early morning rain.,rain,"93119099999,NZAA,93129099999,93110099999,C4778"
"Auckland,New Zealand",2023-03-15,22.1,11.1,16.7,22.1,11.1,16.7,12.2,77.2,0.008,100,4.17,rain,0,0,7.8,10.3,205.7,1023.1,2.3,8,257.6,22.2,10,10,2023-03-15T07:18:38,2023-03-15T19:40:54,0.75,Rain,Clear conditions throughout the day with afternoon rain.,rain,"93119099999,NZAA,93129099999,93110099999,C4778"
"Auckland,New Zealand",2023-03-16,23,13.1,17.8,23,13.1,17.8,14.4,81.4,0.2,100,4.17,rain,0,0,28.9,20.8,35.1,1021.1,48.4,8.4,170.4,14.6,6,10,2023-03-16T07:19:33,2023-03-16T19:39:26,0.8,"Rain, Partially cloudy",Partly cloudy throughout the day with afternoon rain.,rain,"93119099999,E0594,NZAA,93129099999,93110099999,C4778"
"Auckland,New Zealand",2023-03-17,24,18,20.9,24,18,20.9,18.5,86.6,8.141,100,20.83,rain,0,0,25.3,17.2,352.2,1015.7,89.5,7.1,107.2,9.4,5,10,2023-03-17T07:20:27,2023-03-17T19:37:58,0.83,"Rain, Partially cloudy",Partly cloudy throughout the day with a chance of rain throughout the day.,rain,"93119099999,NZAA,93129099999,93110099999,C4778"
"Auckland,New Zealand",2023-03-18,22.9,17.1,20.1,22.9,17.1,20.1,16.8,81.9,12.191,100,12.5,rain,0,0,26.6,16.1,248.7,1018.4,50.8,7.4,233.3,20,10,10,2023-03-18T07:21:21,2023-03-18T19:36:29,0.87,"Rain, Partially cloudy",Partly cloudy throughout the day with a chance of rain throughout the day.,rain,"93119099999,NZAA,93129099999,93110099999,C4778"
"Auckland,New Zealand",2023-03-19,22,14,18.2,22,14,18.2,14.7,80.7,0,0,0,,0,0,13,16.1,205.6,1022.8,15.7,7.3,239.2,20.6,9,10,2023-03-19T07:22:15,2023-03-19T19:35:01,0.9,Clear,Clear conditions throughout the day.,clear-day,"93119099999,NZAA,93129099999,93110099999,C4778"
"Auckland,New Zealand",2023-03-20,22.1,13.1,17.7,22.1,13.1,17.7,14.2,81,0.008,100,4.17,rain,0,0,9.4,11.4,219.8,1021.1,3.2,8.1,223.3,19.4,10,10,2023-03-20T07:23:09,2023-03-20T19:33:32,0.94,Rain,Clear conditions throughout the day with morning rain.,rain,"93119099999,NZAA,93129099999,93110099999,C4778"
"Auckland,New Zealand",2023-03-21,20.9,14.1,16.7,20.9,14.1,16.7,14.4,87,17.335,100,4.17,rain,0,0,23,19.7,288.9,1012.9,45,7.4,71.5,6.1,3,10,2023-03-21T07:24:02,2023-03-21T19:32:03,0.97,"Rain, Partially cloudy",Partly cloudy throughout the day with late afternoon rain.,rain,"93119099999,NZAA,93129099999,93110099999,C4778"
"Auckland,New Zealand",2023-03-22,19.1,13.1,16.4,19.1,13.1,16.4,11.4,73.7,1.567,100,20.83,rain,0,0,23.9,17.2,220.4,1013.8,35.7,7.8,265.9,22.8,9,10,2023-03-22T07:24:55,2023-03-22T19:30:34,0,"Rain, Partially cloudy",Clearing in the afternoon with a chance of rain throughout the day.,rain,"93119099999,NZAA,93129099999,93110099999,C4778"
"Auckland,New Zealand",2023-03-23,20.8,11,16.1,20.8,11,16.1,10.5,70.4,0,0,0,,0,0,11.4,11.4,204.3,1020.7,16.2,8.5,191.3,16.7,7,10,2023-03-23T07:25:49,2023-03-23T19:29:05,0.04,Clear,Clear conditions throughout the day.,clear-day,"93119099999,NZAA,93129099999,93110099999,C4778"
"Auckland,New Zealand",2023-03-24,20.1,10.9,15.7,20.1,10.9,15.7,11.7,78.9,0.008,100,4.17,rain,0,0,7.2,10.3,209,1021.3,20.4,8.4,223.1,19.4,9,10,2023-03-24T07:26:42,2023-03-24T19:27:37,0.07,"Rain, Partially cloudy",Partly cloudy throughout the day with morning rain.,rain,"93119099999,NZAA,93129099999,93110099999,C4778"
"Auckland,New Zealand",2023-03-25,21,12,16.6,21,12,16.6,12.5,78.3,0.008,100,4.17,rain,0,0,11.4,12.8,270.7,1018.7,34.1,8.5,214.7,18.5,9,10,2023-03-25T07:27:34,2023-03-25T19:26:08,0.1,"Rain, Partially cloudy",Partly cloudy throughout the day with afternoon rain.,rain,"93119099999,NZAA,93129099999,93110099999,C4778"
"Auckland,New Zealand",2023-03-26,22.8,14,18.6,22.8,14,18.6,15.1,80.9,0,0,0,rain,0,0,14.3,13.9,294.9,1016,59.8,8.4,222.4,18.9,8,10,2023-03-26T07:28:27,2023-03-26T19:24:39,0.14,Partially cloudy,Partly cloudy throughout the day.,partly-cloudy-day,"93119099999,NZAA,93129099999,93110099999,C4778"
"Auckland,New Zealand",2023-03-27,21.9,16,19.2,21.9,16,19.2,16.3,83.9,0,0,0,rain,0,0,7.8,9.2,237,1014.6,75.6,8.2,141,12.2,6,10,2023-03-27T07:29:20,2023-03-27T19:23:10,0.17,Partially cloudy,Partly cloudy throughout the day.,partly-cloudy-day,"93119099999,NZAA,93129099999,93110099999,C4778"
"Auckland,New Zealand",2023-03-28,20.1,14.8,17.4,20.1,14.8,17.4,15.2,87.7,0.967,100,8.33,rain,0,0,17.7,15,238.6,1010.7,66.8,7.8,146,12.5,6,10,2023-03-28T07:30:12,2023-03-28T19:21:42,0.2,"Rain, Partially cloudy",Partly cloudy throughout the day with rain in the morning and afternoon.,rain,"93119099999,NZAA,93129099999,93110099999,C4778"
"Auckland,New Zealand",2023-03-29,17.1,11.8,14.6,17.1,11.8,14.6,8.3,67,0.958,100,8.33,rain,0,0,26.4,21.9,195.9,1011.9,19.5,8,259.9,22.4,9,10,2023-03-29T07:31:05,2023-03-29T19:20:14,0.25,Rain,Clear conditions throughout the day with rain clearing later.,rain,"93119099999,NZAA,93129099999,93110099999,C4778"
"Auckland,New Zealand",2023-03-30,18.2,9.1,13.8,18.2,7.7,13.4,6.8,63.9,0,0,0,,0,0,24.8,15,202.7,1016,1.2,8.4,241.8,20.8,9,10,2023-03-30T07:31:57,2023-03-30T19:18:45,0.27,Clear,Clear conditions throughout the day.,clear-day,"93119099999,NZAA,93129099999,93110099999,C4778"
"Auckland,New Zealand",2023-03-31,20.1,9.1,14.8,20.1,8.6,14.8,10.5,76.7,0,0,0,,0,0,16.1,11.4,18.9,1016,31.3,8.5,221.5,19.2,9,10,2023-03-31T07:32:49,2023-03-31T19:17:17,0.3,Partially cloudy,Partly cloudy throughout the day.,partly-cloudy-day,"93119099999,NZAA,93129099999,93110099999,C4778"
"Auckland,New Zealand",2023-04-01,21.1,16.8,18.8,21.1,16.8,18.8,16.4,86,5.384,100,8.33,rain,0,0,20.4,18.3,32.6,1012.1,66.6,7.7,80.1,6.9,4,10,2023-04-01T07:33:41,2023-04-01T19:15:50,0.33,"Rain, Partially cloudy",Partly cloudy throughout the day with rain.,rain,"93119099999,NZAA,93129099999,93110099999,C4778"
"Auckland,New Zealand",2023-04-02,23,17.1,19.2,23,17.1,19.2,17.6,90.7,1.664,100,12.5,rain,0,0,14.1,13.9,224.6,1011.9,47.8,5.8,178.5,16.1,7,10,2023-04-02T06:34:33,2023-04-02T18:14:22,0.36,"Rain, Partially cloudy",Clearing in the afternoon with a chance of rain throughout the day.,rain,"93119099999,NZAA,93129099999,93110099999,C4778"
"Auckland,New Zealand",2023-04-03,20.1,15.9,17.8,20.1,15.9,17.8,12.9,74.3,0,0,0,rain,0,0,23.3,25.3,216.7,1015.4,59.5,8,185.2,15.9,7,10,2023-04-03T06:35:25,2023-04-03T18:12:55,0.4,Partially cloudy,Partly cloudy throughout the day.,partly-cloudy-day,"93119099999,NZAA,93129099999,93110099999,C4778"
"Auckland,New Zealand",2023-04-04,20.1,12.8,16.3,20.1,12.8,16.3,12.1,77.2,0,0,0,,0,0,22.1,17.2,205.8,1019.2,6.5,8.1,240.5,20.9,8,10,2023-04-04T06:36:17,2023-04-04T18:11:28,0.43,Clear,Clear conditions throughout the day.,clear-day,"93119099999,NZAA,93129099999,93110099999,C4778"
"Auckland,New Zealand",2023-04-05,20.9,10,15.6,20.9,10,15.6,11.4,78.1,0.192,100,4.17,rain,0,0,6.3,8.1,203.4,1016.8,7,8,195.8,16.9,9,10,2023-04-05T06:37:09,2023-04-05T18:10:02,0.46,Rain,Clear conditions throughout the day with morning rain.,rain,"93119099999,NZAA,93129099999,93110099999,C4778"
"Auckland,New Zealand",2023-04-06,16.9,10.9,14.4,16.9,10.9,14.4,12.8,90.6,5.416,100,4.17,rain,0,0,22.4,15,132.4,1007.4,51.9,7.1,53.6,4.5,2,10,2023-04-06T06:38:01,2023-04-06T18:08:36,0.5,"Rain, Partially cloudy",Partly cloudy throughout the day with late afternoon rain.,rain,"93119099999,NZAA,93129099999,93110099999,C4778"
"Auckland,New Zealand",2023-04-07,22.9,14.9,17.8,22.9,14.9,17.8,13.3,76.2,4.25,100,12.5,rain,0,0,25.3,18.3,149.1,1002.1,33.8,8.3,171.9,14.9,8,10,2023-04-07T06:38:53,2023-04-07T18:07:10,0.53,"Rain, Partially cloudy",Partly cloudy throughout the day with a chance of rain throughout the day.,rain,"93119099999,NZAA,93129099999,93110099999,C4778"
"Auckland,New Zealand",2023-04-08,20.9,12.9,16,20.9,12.9,16,10.4,70.2,0,0,0,,0,0,25.3,13.9,182,1005.3,1.2,8.4,220.6,19.2,8,10,2023-04-08T06:39:45,2023-04-08T18:05:45,0.56,Clear,Clear conditions throughout the day.,clear-day,"93119099999,E0594,NZAA,93129099999,93110099999,C4778"
"Auckland,New Zealand",2023-04-09,22,10.8,16.6,22,10.8,16.6,14.8,89.1,0.4,100,4.17,rain,0,0,32,20.8,32,1005.2,46.1,7.6,87.8,7.5,4,10,2023-04-09T06:40:37,2023-04-09T18:04:20,0.6,"Rain, Partially cloudy",Partly cloudy throughout the day with late afternoon rain.,rain,"D0000,93119099999,NZAA,93129099999,93110099999,C4778"
"Auckland,New Zealand",2023-04-10,23.1,16.1,19.7,23.1,16.1,19.7,16.2,81.4,5.59,100,12.5,rain,0,0,25.7,17.2,356.1,1003.6,32.2,7.3,143,12.2,7,10,2023-04-10T06:41:29,2023-04-10T18:02:56,0.64,"Rain, Partially cloudy",Becoming cloudy in the afternoon with rain.,rain,"93119099999,NZAA,93129099999,93110099999,C4778"
"Auckland,New Zealand",2023-04-11,22.1,16,18.7,22.1,16,18.7,15.2,81.1,1.974,100,12.5,rain,0,0,27.7,20.8,5.5,1006.1,35.2,7.4,141.2,12.2,7,30,2023-04-11T06:42:21,2023-04-11T18:01:32,0.67,"Rain, Partially cloudy",Becoming cloudy in the afternoon with rain.,rain,"93119099999,NZAA,93129099999,93110099999,C4778"
"Auckland,New Zealand",2023-04-12,21,14.8,17.7,21,14.8,17.7,15.8,89,14.785,100,12.5,rain,0,0,24.2,12.8,337.8,1005.4,51.9,7.2,85,7.5,3,30,2023-04-12T06:43:13,2023-04-12T18:00:09,0.71,"Rain, Partially cloudy",Partly cloudy throughout the day with rain.,rain,"93119099999,NZAA,93129099999,93110099999,C4778"
"Auckland,New Zealand",2023-04-13,23,13,18,23,13,18,15.6,87.5,1.159,100,8.33,rain,0,0,7.4,8.1,13.3,1011.3,45.4,7.3,175.7,15.1,9,10,2023-04-13T06:44:05,2023-04-13T17:58:46,0.75,"Rain, Partially cloudy",Partly cloudy throughout the day with rain.,rain,"93119099999,NZAA,93129099999,93110099999,C4778"
"Auckland,New Zealand",2023-04-14,22,16.9,18.6,22,16.9,18.6,15.4,82.7,2.586,100,12.5,rain,0,0,27.3,19.7,73.8,1021,51.9,8.5,199.2,17.3,8,10,2023-04-14T06:44:57,2023-04-14T17:57:24,0.78,"Rain, Partially cloudy",Partly cloudy throughout the day with rain.,rain,"93119099999,NZAA,93129099999,93110099999,C4778"
"Auckland,New Zealand",2023-04-15,19.1,15,17.2,19.1,15,17.2,12.9,76.2,0.025,100,8.33,rain,0,0,31.1,23,87,1026.3,44.7,8.5,79.7,6.9,3,10,2023-04-15T06:45:49,2023-04-15T17:56:03,0.81,"Rain, Partially cloudy",Partly cloudy throughout the day with rain in the morning and afternoon.,rain,"93119099999,NZAA,93129099999,93110099999,C4778"
"Auckland,New Zealand",2023-04-16,20.1,16.8,18.4,20.1,16.8,18.4,12.7,69.8,0.133,100,8.33,rain,0,0,39.1,28.9,76.8,1025.5,38.7,8.3,112.9,9.9,5,10,2023-04-16T06:46:41,2023-04-16T17:54:42,0.85,"Rain, Partially cloudy",Partly cloudy throughout the day with rain.,rain,"93119099999,NZAA,93129099999,93110099999,C4778"
"Auckland,New Zealand",2023-04-17,21,17,18.3,21,17,18.3,12.4,68.7,0.042,100,4.17,rain,0,0,29.1,24.2,79.7,1024.3,34.5,8.4,171.5,14.8,8,10,2023-04-17T06:47:33,2023-04-17T17:53:22,0.89,"Rain, Partially cloudy",Partly cloudy throughout the day with late afternoon rain.,rain,"93119099999,NZAA,93129099999,93110099999,C4778"
"Auckland,New Zealand",2023-04-18,22,16,19.2,22,16,19.2,15.9,81.8,0.856,100,8.33,rain,0,0,25.5,21.9,56.2,1021.7,63,7.5,120.5,10.3,6,10,2023-04-18T06:48:25,2023-04-18T17:52:03,0.92,"Rain, Partially cloudy",Partly cloudy throughout the day with rain in the morning and afternoon.,rain,"93119099999,NZAA,93129099999,93110099999,C4778"
"Auckland,New Zealand",2023-04-19,22.9,17.9,20.2,22.9,17.9,20.2,17.5,84.8,0.1,100,8.33,rain,0,0,23.7,18.3,41.5,1020.6,42.4,6.3,155,13.5,7,10,2023-04-19T06:49:17,2023-04-19T17:50:45,0.96,"Rain, Partially cloudy",Partly cloudy throughout the day with rain.,rain,"93119099999,NZAA,93129099999,93110099999,C4778"
"Auckland,New Zealand",2023-04-20,23.9,18.9,20.4,23.9,18.9,20.4,17.4,83.7,0.067,100,8.33,rain,0,0,23.3,18.3,56.1,1021.9,40.8,7.3,162.3,14,7,10,2023-04-20T06:50:09,2023-04-20T17:49:27,0,"Rain, Partially cloudy",Partly cloudy throughout the day with rain clearing later.,rain,"93119099999,NZAA,93129099999,93110099999,C4778"
"Auckland,New Zealand",2023-04-21,20.9,18.8,19.3,20.9,18.8,19.3,17.3,88.2,5.818,100,8.33,rain,0,0,30,20.8,48.3,1019.8,58.2,6,36.2,3.1,1,10,2023-04-21T06:51:01,2023-04-21T17:48:10,0.03,"Rain, Partially cloudy",Partly cloudy throughout the day with rain.,rain,"93119099999,NZAA,93129099999,93110099999,C4778"
"Auckland,New Zealand",2023-04-22,21.8,18.1,19.6,21.8,18.1,19.6,19,96.4,11.39,100,16.67,rain,0,0,31.1,21.9,1.2,1016.7,96.8,5.4,59.2,5.1,2,10,2023-04-22T06:51:53,2023-04-22T17:46:54,0.06,"Rain, Overcast",Cloudy skies throughout the day with a chance of rain throughout the day.,rain,"93119099999,NZAA,93129099999,93110099999,C4778"
"Auckland,New Zealand",2023-04-23,19,17.1,17.9,19,17.1,17.9,15.6,86.1,0.116,100,8.33,rain,0,0,19,17.2,216.4,1017.2,98.2,7.9,87.3,7.5,5,10,2023-04-23T06:52:45,2023-04-23T17:45:39,0.09,"Rain, Overcast",Cloudy skies throughout the day with rain.,rain,"93119099999,NZAA,93129099999,93110099999,C4778"
"Auckland,New Zealand",2023-04-24,17.9,10.9,15.8,17.9,10.9,15.8,10.3,70.2,0.775,100,4.17,rain,0,0,38,28.9,211.3,1015.7,47,7.7,170.3,14.5,6,10,2023-04-24T06:53:37,2023-04-24T17:44:25,0.12,"Rain, Partially cloudy",Partly cloudy throughout the day with afternoon rain.,rain,"93119099999,NZAA,93129099999,93110099999,C4778"
"Auckland,New Zealand",2023-04-25,18.9,6,13.5,18.9,5.1,13.4,8.2,71.2,0,0,0,rain,0,0,23,21.9,229.1,1020.6,54.2,7.5,112,9.8,5,10,2023-04-25T06:54:30,2023-04-25T17:43:11,0.16,Partially cloudy,Partly cloudy throughout the day.,partly-cloudy-day,"93119099999,NZAA,93129099999,93110099999,C4778"
"Auckland,New Zealand",2023-04-26,19,14.9,17,19,14.9,17,12.8,76.5,0.575,100,4.17,rain,0,0,25.1,24.2,239.7,1019.7,71.4,6.9,114.6,10.1,5,10,2023-04-26T06:55:22,2023-04-26T17:41:59,0.19,"Rain, Partially cloudy",Partly cloudy throughout the day with late afternoon rain.,rain,"93119099999,NZAA,93129099999,93110099999,C4778"
"Auckland,New Zealand",2023-04-27,18.1,14,15.7,18.1,14,15.7,11.3,75.5,0.008,100,4.17,rain,0,0,14.1,8.1,193.1,1024.6,72.5,7.3,122.8,10.6,8,10,2023-04-27T06:56:14,2023-04-27T17:40:48,0.22,"Rain, Partially cloudy",Partly cloudy throughout the day with morning rain.,rain,"93119099999,NZAA,93129099999,93110099999,C4778"
"Auckland,New Zealand",2023-04-28,19.8,13.1,15.6,19.8,13.1,15.6,11.8,79.2,0.084,100,8.33,rain,0,0,17.4,13.9,91.8,1025.8,53.1,8.5,143.8,12.3,7,10,2023-04-28T06:57:06,2023-04-28T17:39:37,0.25,"Rain, Partially cloudy",Partly cloudy throughout the day with rain clearing later.,rain,"93119099999,NZAA,93129099999,93110099999,C4778"
"Auckland,New Zealand",2023-04-29,19.1,13,15.8,19.1,13,15.8,12.5,81.1,0.084,100,8.33,rain,0,0,31.8,19.7,102.6,1022.8,64.9,8.5,94.6,8.2,4,10,2023-04-29T06:57:58,2023-04-29T17:38:28,0.28,"Rain, Partially cloudy",Partly cloudy throughout the day with rain.,rain,"93119099999,NZAA,93129099999,93110099999,C4778"
"Auckland,New Zealand",2023-04-30,20,17.8,18.7,20,17.8,18.7,16,84.9,10.205,100,16.67,rain,0,0,43.2,25.3,81.8,1017.1,92.7,6.5,35.9,3.1,2,10,2023-04-30T06:58:50,2023-04-30T17:37:20,0.32,"Rain, Overcast",Cloudy skies throughout the day with a chance of rain throughout the day.,rain,"93119099999,NZAA,93129099999,93110099999,C4778"
"Auckland,New Zealand",2023-05-01,20.9,18.9,19.7,20.9,18.9,19.7,18.9,95.3,30.492,100,16.67,rain,0,0,37.6,19.7,56,1018.6,90.9,5.1,70.5,6.3,4,10,2023-05-01T06:59:42,2023-05-01T17:36:13,0.35,"Rain, Overcast",Cloudy skies throughout the day with a chance of rain throughout the day.,rain,"93119099999,NZAA,93129099999,93110099999,C4778"
"Auckland,New Zealand",2023-05-02,21.9,18.1,19.5,21.9,18.1,19.5,18.4,93.1,2.233,100,12.5,rain,0,0,19.7,13.9,34,1024.3,58.2,7.4,95.3,8.3,4,10,2023-05-02T07:00:34,2023-05-02T17:35:07,0.38,"Rain, Partially cloudy",Partly cloudy throughout the day with a chance of rain throughout the day.,rain,"93119099999,NZAA,93129099999,93110099999,C4778"
"Auckland,New Zealand",2023-05-03,20.9,17.8,19.2,20.9,17.8,19.2,18.5,95.6,2.141,100,12.5,rain,0,0,31.1,23,32.7,1022.9,86.2,5.6,39,3.4,2,10,2023-05-03T07:01:26,2023-05-03T17:34:02,0.41,"Rain, Partially cloudy",Partly cloudy throughout the day with rain.,rain,"D0000,93119099999,NZAA,93129099999,93110099999,C4778"
"Auckland,New Zealand",2023-05-04,21,17.1,18.8,21,17.1,18.8,17.8,93.8,9.967,100,16.67,rain,0,0,33.3,27.7,34,1020.2,85.5,4.9,45.5,3.9,3,10,2023-05-04T07:02:18,2023-05-04T17:32:58,0.44,"Rain, Partially cloudy",Partly cloudy throughout the day with a chance of rain throughout the day.,rain,"D0000,93119099999,NZAA,93129099999,93110099999,C4778"
"Auckland,New Zealand",2023-05-05,20,17.1,19.1,20,17.1,19.1,17.5,90.5,36.671,100,16.67,rain,0,0,31.5,20.8,46.9,1021.2,78.8,6.1,34.5,2.8,2,10,2023-05-05T07:03:09,2023-05-05T17:31:56,0.48,"Rain, Partially cloudy",Partly cloudy throughout the day with a chance of rain throughout the day.,rain,"D0000,93119099999,NZAA,93129099999,93110099999,C4778"
"Auckland,New Zealand",2023-05-06,20,17.9,18.8,20,17.9,18.8,16.7,87.8,0.907,100,8.33,rain,0,0,28,19.7,53.7,1024.4,60.2,6.8,47.5,4.1,2,10,2023-05-06T07:04:01,2023-05-06T17:30:54,0.5,"Rain, Partially cloudy",Partly cloudy throughout the day with rain.,rain,"93119099999,NZAA,93129099999,93110099999,C4778"
"Auckland,New Zealand",2023-05-07,20.9,17.1,18.6,20.9,17.1,18.6,16.4,87.5,0.108,100,12.5,rain,0,0,25.5,17.2,57.8,1024.7,43.1,6.9,80.1,6.9,4,10,2023-05-07T07:04:52,2023-05-07T17:29:55,0.55,"Rain, Partially cloudy",Partly cloudy throughout the day with rain.,rain,"93119099999,NZAA,93129099999,93110099999,C4778"
"Auckland,New Zealand",2023-05-08,20.9,18,18.9,20.9,18,18.9,16.5,86.5,3.34,100,12.5,rain,0,0,28.4,19.7,55.7,1020.8,74.9,7.1,123.8,10.6,6,10,2023-05-08T07:05:44,2023-05-08T17:28:56,0.58,"Rain, Partially cloudy",Partly cloudy throughout the day with rain.,rain,"D0000,93119099999,NZAA,93129099999,93110099999,C4778"
"Auckland,New Zealand",2023-05-09,19.1,16,17.7,19.1,16,17.7,16.6,93.1,66.305,100,16.67,rain,0,0,36.7,21.9,43.5,1007.4,77.2,5.7,10.7,0.7,1,10,2023-05-09T07:06:35,2023-05-09T17:27:58,0.62,"Rain, Partially cloudy",Partly cloudy throughout the day with a chance of rain throughout the day.,rain,"93119099999,NZAA,93129099999,93110099999,C4778"
"Auckland,New Zealand",2023-05-10,17.9,10.9,15.3,17.9,10.9,15.3,12.8,85.6,31.051,100,16.67,rain,0,0,40.3,27.7,296.7,997.1,66.5,7,89.8,7.9,4,10,2023-05-10T07:07:26,2023-05-10T17:27:02,0.65,"Rain, Partially cloudy",Partly cloudy throughout the day with a chance of rain throughout the day.,rain,"93119099999,NZAA,93129099999,93110099999,C4778"
"Auckland,New Zealand",2023-05-11,13.9,9.1,11.3,13.9,4.2,10.6,7.9,80.4,15,100,16.67,rain,0,0,59.9,33.3,280.8,1005.4,59.1,6.6,99.9,8.8,5,10,2023-05-11T07:08:17,2023-05-11T17:26:08,0.69,"Rain, Partially cloudy",Partly cloudy throughout the day with a chance of rain throughout the day.,rain,"93119099999,NZAA,93129099999,93110099999,C4778"
"Auckland,New Zealand",2023-05-12,15.1,7.1,11.1,15.1,6.2,10.6,7.7,80.3,6.725,100,12.5,rain,0,0,24.4,15,189.1,1022,12,8.2,159.9,13.7,6,10,2023-05-12T07:09:07,2023-05-12T17:25:14,0.72,Rain,Clear conditions throughout the day with a chance of rain throughout the day.,rain,"93119099999,E0594,NZAA,93129099999,93110099999,C4778"
"Auckland,New Zealand",2023-05-13,17.1,6.9,11.9,17.1,6.9,11.9,10.1,89,0.192,100,4.17,rain,0,0,11.6,10.3,221.3,1027.2,22,7.4,130.3,11.4,5,10,2023-05-13T07:09:57,2023-05-13T17:24:23,0.75,"Rain, Partially cloudy",Partly cloudy throughout the day with late afternoon rain.,rain,"93119099999,E0594,NZAA,93129099999,93110099999,C4778"
"Auckland,New Zealand",2023-05-14,17.9,11.1,13.7,17.9,11.1,13.7,11.9,90.1,4.233,100,12.5,rain,0,0,13.2,12.8,235,1026,55.2,7.6,118.3,10.1,6,10,2023-05-14T07:10:47,2023-05-14T17:23:32,0.8,"Rain, Partially cloudy",Partly cloudy throughout the day with rain.,rain,"93119099999,NZAA,93129099999,93110099999,C4778"
"Auckland,New Zealand",2023-05-15,17.1,10.1,13.4,17.1,10.1,13.4,11.5,88.8,0.933,100,12.5,rain,0,0,17.9,13.9,284.3,1022.5,44.9,8.1,94.1,8.1,5,10,2023-05-15T07:11:37,2023-05-15T17:22:43,0.83,"Rain, Partially cloudy",Partly cloudy throughout the day with rain.,rain,"93119099999,NZAA,93129099999,93110099999,C4778"
"Auckland,New Zealand",2023-05-16,17.1,8.9,12.8,17.1,8.4,12.7,10.6,87.8,0.792,100,16.67,rain,0,0,15.7,13.9,245,1020,53.3,7.2,109.1,9.4,6,10,2023-05-16T07:12:26,2023-05-16T17:21:56,0.87,"Rain, Partially cloudy",Partly cloudy throughout the day with a chance of rain throughout the day.,rain,"93119099999,E0594,NZAA,93129099999,93110099999,C4778"
"Auckland,New Zealand",2023-05-17,18,9,12.9,18,8.5,12.9,11.2,90,1.158,100,12.5,rain,0,0,18.8,12.8,251.8,1018.8,47.7,7.6,131,11.2,5,10,2023-05-17T07:13:15,2023-05-17T17:21:10,0.9,"Rain, Partially cloudy",Partly cloudy throughout the day with rain.,rain,"93119099999,E0594,NZAA,93129099999,93110099999,C4778"
"Auckland,New Zealand",2023-05-18,16.9,7.8,13.3,16.9,7.8,13.2,10.7,85.7,0.2,100,8.33,rain,0,0,36.2,23,63.4,1014,16.9,6.7,69.4,6,3,10,2023-05-18T07:14:04,2023-05-18T17:20:25,0.94,Rain,Clear conditions throughout the day with rain in the morning and afternoon.,rain,"D0000,93119099999,NZAA,93129099999,93110099999,C4778"
"Auckland,New Zealand",2023-05-19,20,14.2,17.5,20,14.2,17.5,15,85.9,25.876,100,12.5,rain,0,0,40.5,26.4,30.3,997.7,70.2,5.3,111.8,9.5,5,10,2023-05-19T07:14:52,2023-05-19T17:19:42,0.98,"Rain, Partially cloudy",Partly cloudy throughout the day with a chance of rain throughout the day.,rain,"93119099999,E0594,NZAA,93129099999,93110099999,C4778"
"Auckland,New Zealand",2023-05-20,18.1,14,16.4,18.1,14,16.4,13.4,83.3,8.167,100,16.67,rain,0,0,53,40.3,304.8,990.2,85.1,5.5,68.5,5.9,5,10,2023-05-20T07:15:39,2023-05-20T17:19:01,0,"Rain, Partially cloudy",Partly cloudy throughout the day with a chance of rain throughout the day.,rain,"93119099999,E2751,NZAA,93129099999,93110099999,C4778"
"Auckland,New Zealand",2023-05-21,16.9,11.9,14.9,16.9,11.9,14.9,10.9,77.7,6.883,100,16.67,rain,0,0,45,33.3,261.3,1004.1,70.7,6.5,85.6,7.3,4,10,2023-05-21T07:16:27,2023-05-21T17:18:21,0.04,"Rain, Partially cloudy",Partly cloudy throughout the day with a chance of rain throughout the day.,rain,"93119099999,NZAA,93129099999,93110099999,C4778"
"Auckland,New Zealand",2023-05-22,17.5,11.8,14.5,17.5,11.8,14.5,12.9,90.2,22.278,100,16.67,rain,0,0,24.8,15.4,14.9,1004.4,51.1,7.3,44.7,4,2,10,2023-05-22T07:17:13,2023-05-22T17:17:43,0.08,"Rain, Partially cloudy",Partly cloudy throughout the day with a chance of rain throughout the day.,rain,"93119099999,E2751,NZAA,93129099999,93110099999,C4778"
"Auckland,New Zealand",2023-05-23,17.5,13,15.1,17.5,13,15.1,13,87.9,1.03,100,16.67,rain,0,0,30.2,22.7,208.1,1002.2,58.3,7.4,120.3,10.4,6,10,2023-05-23T07:17:59,2023-05-23T17:17:06,0.11,"Rain, Partially cloudy",Partly cloudy throughout the day with a chance of rain throughout the day.,rain,"93119099999,E2751,NZAA,93129099999,93110099999,C4778"
"Auckland,New Zealand",2023-05-24,17.2,12.1,15.2,17.2,12.1,15.2,11.8,80.6,0.192,100,4.17,rain,0,0,28.6,20.8,214.5,1011.3,53.5,6.9,107.6,9.3,6,10,2023-05-24T07:18:45,2023-05-24T17:16:31,0.14,"Rain, Partially cloudy",Clearing in the afternoon with morning rain.,rain,"93119099999,E2751,NZAA,93129099999,93110099999,C4778"
"Auckland,New Zealand",2023-05-25,16.9,8.7,12.5,16.9,8.7,12.5,9.6,83.2,0,0,0,,0,0,8.7,9.2,191.5,1020.4,5.2,8,137.3,11.7,6,10,2023-05-25T07:19:30,2023-05-25T17:15:58,0.17,Clear,Clear conditions throughout the day.,clear-day,"93119099999,E2751,NZAA,93129099999,93110099999,C4778"
"Auckland,New Zealand",2023-05-26,18,6.4,11.3,18,6.4,11.3,9.3,88.5,0.208,100,8.33,rain,0,0,7.2,6.9,16.3,1021.7,15.7,6.7,140,12.2,6,10,2023-05-26T07:20:14,2023-05-26T17:15:26,0.2,Rain,Clear conditions throughout the day with rain.,rain,"D0000,93119099999,NZAA,93129099999,93110099999,C4778"
"Auckland,New Zealand",2023-05-27,17,9.8,13.6,17,8.9,13.5,12.1,91,0.325,100,8.33,rain,0,0,23.5,13.8,60.1,1021.3,64.2,8,74,6.3,3,10,2023-05-27T07:20:58,2023-05-27T17:14:56,0.24,"Rain, Partially cloudy",Partly cloudy throughout the day with rain.,rain,"93119099999,NZAA,93129099999,93110099999,C4778"
"Auckland,New Zealand",2023-05-28,19,13,16.7,19,13,16.7,13.5,82,4.15,100,16.67,rain,0,0,38,25.3,60.5,1021.3,59.5,7.8,97.7,8.5,4,10,2023-05-28T07:21:41,2023-05-28T17:14:28,0.25,"Rain, Partially cloudy",Partly cloudy throughout the day with a chance of rain throughout the day.,rain,"93119099999,NZAA,93129099999,93110099999,C4778"
"Auckland,New Zealand",2023-05-29,20.2,14.6,17.4,20.2,14.6,17.4,16.1,92.6,12.848,100,16.67,rain,0,0,40.5,24.5,42,1017.8,75.6,4.9,96.8,8.4,5,10,2023-05-29T07:22:23,2023-05-29T17:14:01,0.3,"Rain, Partially cloudy",Partly cloudy throughout the day with a chance of rain throughout the day.,rain,"93119099999,E2751,NZAA,93129099999,93110099999,C4778"
"Auckland,New Zealand",2023-05-30,18.5,12.5,15.6,18.5,12.5,15.6,14.2,92,0.4,100,8.33,rain,0,0,14.3,9.5,347.3,1016.8,57.6,7.3,76.5,6.6,3,10,2023-05-30T07:23:04,2023-05-30T17:13:36,0.33,"Rain, Partially cloudy",Partly cloudy throughout the day with rain.,rain,"93119099999,NZAA,93129099999,93110099999,C4778"
"Auckland,New Zealand",2023-05-31,17.1,10.9,13.9,17.1,10.9,13.9,11.2,84.8,0.392,100,8.33,rain,0,0,19.2,15.4,247.6,1015.4,26.3,6.5,102.5,8.8,5,10,2023-05-31T07:23:45,2023-05-31T17:13:13,0.37,"Rain, Partially cloudy",Partly cloudy throughout the day with rain in the morning and afternoon.,rain,"93119099999,E2751,NZAA,93129099999,93110099999,C4778"
"Auckland,New Zealand",2023-06-01,18.6,10.2,14.9,18.6,10.2,14.9,13.2,90,1,100,8.33,rain,0,0,22.6,16.9,282.3,1017,66.3,6.9,95.8,8.1,4,10,2023-06-01T07:24:24,2023-06-01T17:12:51,0.4,"Rain, Partially cloudy",Partly cloudy throughout the day with rain.,rain,"93119099999,NZAA,93129099999,93110099999,C4778"
"Auckland,New Zealand",2023-06-02,18.7,14.5,16,18.7,14.5,16,13.2,83.5,0.358,100,4.17,rain,0,0,27.7,21.4,261.4,1014.7,66.1,7.2,64.1,5.6,4,10,2023-06-02T07:25:03,2023-06-02T17:12:31,0.43,"Rain, Partially cloudy",Partly cloudy throughout the day with late afternoon rain.,rain,"93119099999,NZAA,93129099999,93110099999,C4778"
"Auckland,New Zealand",2023-06-03,16.4,11.7,14.1,16.4,11.7,14.1,9.7,75.1,1.35,100,8.33,rain,0,0,24.8,19.2,223.7,1020.4,48.7,8,107.1,9.3,6,10,2023-06-03T07:25:41,2023-06-03T17:12:13,0.46,"Rain, Partially cloudy",Partly cloudy throughout the day with rain in the morning and afternoon.,rain,"93119099999,NZAA,93129099999,93110099999,C4778"
"Auckland,New Zealand",2023-06-04,16.9,7.9,12.8,16.9,6.5,12.6,9.3,80.5,0.2,100,8.33,rain,0,0,27.5,16.6,358,1018.2,47.4,7.5,87.9,7.5,4,10,2023-06-04T07:26:18,2023-06-04T17:11:56,0.5,"Rain, Partially cloudy",Becoming cloudy in the afternoon with rain clearing later.,rain,"93119099999,NZAA,93129099999,93110099999,C4778"
"Auckland,New Zealand",2023-06-05,14,9.5,11.7,14,8.5,11.6,9.3,85.6,1.54,100,8.33,rain,0,0,28.2,13.9,114.7,1009.9,60.1,7.3,43.4,3.6,3,10,2023-06-05T07:26:54,2023-06-05T17:11:42,0.53,"Rain, Partially cloudy",Partly cloudy throughout the day with rain.,rain,"93119099999,NZAA,93129099999,93110099999,C4778"
"Auckland,New Zealand",2023-06-06,14.1,11.5,12.6,14.1,11.5,12.6,8.3,75.4,3.733,100,16.67,rain,0,0,40,18.9,153.9,1018.5,39.2,8.5,37.8,3.3,2,10,2023-06-06T07:27:28,2023-06-06T17:11:29,0.57,"Rain, Partially cloudy",Partly cloudy throughout the day with a chance of rain throughout the day.,rain,"93119099999,NZAA,93129099999,93110099999,C4778"
"Auckland,New Zealand",2023-06-07,16,8.5,12.2,16,7.2,12,8,75.6,0,0,0,,0,0,28.2,16.1,162.8,1022.9,7.7,8.5,126.2,11,5,10,2023-06-07T07:28:02,2023-06-07T17:11:17,0.6,Clear,Clear conditions throughout the day.,clear-day,"93119099999,NZAA,93129099999,93110099999,C4778"
"Auckland,New Zealand",2023-06-08,16.1,9,11.8,16.1,6.9,11.4,7.7,76.4,0,0,0,,0,0,24.8,13.9,153.4,1019.9,0.5,8.4,126.3,11,5,10,2023-06-08T07:28:35,2023-06-08T17:11:08,0.64,Clear,Clear conditions throughout the day.,clear-day,"93119099999,NZAA,93129099999,93110099999,C4778"
"Auckland,New Zealand",2023-06-09,16,8.1,11.4,16,6.3,10.7,8.1,80.9,0,0,0,,0,0,20.6,14.6,145.3,1017.2,1,8.5,125.8,10.8,5,10,2023-06-09T07:29:06,2023-06-09T17:11:00,0.67,Clear,Clear conditions throughout the day.,clear-day,"93119099999,NZAA,93129099999,93110099999,C4778"
"Auckland,New Zealand",2023-06-10,15.5,7.2,10.9,15.5,5.7,10.3,7.6,81.1,0.008,100,4.17,rain,0,0,14.5,9.2,160.9,1018.5,0,8.3,125.3,10.8,5,10,2023-06-10T07:29:36,2023-06-10T17:10:54,0.71,Rain,Clear conditions throughout the day with afternoon rain.,rain,"93119099999,NZAA,93129099999,93110099999,C4778"
"Auckland,New Zealand",2023-06-11,15.1,5.7,10,15.1,5.7,10,7.7,86.3,0.2,100,4.17,rain,0,0,18.6,15,210.4,1017.7,12.9,6.6,119.8,10.1,5,10,2023-06-11T07:30:05,2023-06-11T17:10:49,0.75,Rain,Clear conditions throughout the day with afternoon rain.,rain,"93119099999,E0594,NZAA,93129099999,93110099999,C4778"
"Auckland,New Zealand",2023-06-12,16.1,6.2,11.5,16.1,6.2,11.5,9.2,86.5,0,0,0,rain,0,0,25.7,18.5,221.3,1015.5,26.2,7.4,108,9.4,5,10,2023-06-12T07:30:33,2023-06-12T17:10:46,0.78,Partially cloudy,Partly cloudy throughout the day.,partly-cloudy-day,"93119099999,NZAA,93129099999,93110099999,C4778"
"Auckland,New Zealand",2023-06-13,15.9,8.8,12.1,15.9,8.8,12.1,8.7,80.5,0,0,0,,0,0,27.3,16.5,195.2,1017.9,0,8.3,124.9,10.9,5,10,2023-06-13T07:31:00,2023-06-13T17:10:45,0.82,Clear,Clear conditions throughout the day.,clear-day,"93119099999,NZAA,93129099999,93110099999,C4778"
"Auckland,New Zealand",2023-06-14,14.4,4,9.2,14.4,4,9.1,6.1,82.6,0.2,100,8.33,rain,0,0,15.7,13.5,192.2,1018.7,2.5,8.3,126.4,10.9,5,10,2023-06-14T07:31:25,2023-06-14T17:10:46,0.85,Rain,Clear conditions throughout the day with rain in the morning and afternoon.,rain,"93119099999,NZAA,93129099999,93110099999,C4778"
"Auckland,New Zealand",2023-06-15,14.7,4.6,9,14.7,3.4,8.6,6.7,86.4,0.1,100,4.17,rain,0,0,17.4,8.1,60.2,1014.6,20.8,7.5,106.8,9.3,6,10,2023-06-15T07:31:49,2023-06-15T17:10:48,0.89,"Rain, Partially cloudy",Clearing in the afternoon with late afternoon rain.,rain,"93119099999,NZAA,93129099999,93110099999,C4778"
"Auckland,New Zealand",2023-06-16,12,9.4,10.8,12,7.9,10.6,9.4,90.9,6,100,4.17,rain,0,0,22.6,11.4,117.6,1010.4,69,7.5,31.1,2.7,3,10,2023-06-16T07:32:11,2023-06-16T17:10:52,0.92,"Rain, Partially cloudy",Partly cloudy throughout the day with late afternoon rain.,rain,"93119099999,NZAA,93129099999,93110099999,C4778"
"Auckland,New Zealand",2023-06-17,12.1,9.8,11.1,12.1,9,11,10.2,94.1,8.419,100,16.67,rain,0,0,20.1,10.7,142.5,1009.9,88.4,8,41.2,3.5,2,10,2023-06-17T07:32:32,2023-06-17T17:10:57,0.96,"Rain, Partially cloudy",Partly cloudy throughout the day with a chance of rain throughout the day.,rain,"93119099999,NZAA,93129099999,93110099999,C4778"
"Auckland,New Zealand",2023-06-18,15.1,8.4,11.5,15.1,8.4,11.5,10.5,93.7,2.858,100,16.67,rain,0,0,10.7,8.5,90.6,1011.3,70.8,6.9,56,4.8,3,10,2023-06-18T07:32:52,2023-06-18T17:11:04,0,"Rain, Partially cloudy",Partly cloudy throughout the day with a chance of rain throughout the day.,rain,"93119099999,NZAA,93129099999,93110099999,C4778"
"Auckland,New Zealand",2023-06-19,16,7.5,11.2,16,6.7,11,9.8,91.7,0.392,100,8.33,rain,0,0,16.8,11.5,44.9,1014.5,44.5,5.7,123.9,10.9,5,10,2023-06-19T07:33:10,2023-06-19T17:11:13,0.03,"Rain, Partially cloudy",Partly cloudy throughout the day with rain in the morning and afternoon.,rain,"93119099999,NZAA,93129099999,93110099999,C4778"
"Auckland,New Zealand",2023-06-20,16.5,9.5,12.7,16.5,9.3,12.7,11.3,91.2,1.766,100,12.5,rain,0,0,17,10.7,41.7,1016.3,45.5,8,121.3,10.6,5,10,2023-06-20T07:33:26,2023-06-20T17:11:23,0.06,"Rain, Partially cloudy",Partly cloudy throughout the day with a chance of rain throughout the day.,rain,"93119099999,NZAA,93129099999,93110099999,C4778"
"Auckland,New Zealand",2023-06-21,17,10.5,13.7,17,10.5,13.7,11.4,86.4,3.109,100,12.5,rain,0,0,29.8,19.2,63.1,1012.6,19.1,8.3,67.2,5.8,3,10,2023-06-21T07:33:42,2023-06-21T17:11:34,0.09,Rain,Clear conditions throughout the day with rain.,rain,"93119099999,NZAA,93129099999,93110099999,C4778"
"Auckland,New Zealand",2023-06-22,15.2,11.1,13.2,15.2,11.1,13.2,11.8,91.8,15.709,100,12.5,rain,0,0,34,17.6,74.2,1006.5,80.6,6.9,62.5,5.4,3,10,2023-06-22T07:33:55,2023-06-22T17:11:48,0.12,"Rain, Partially cloudy",Partly cloudy throughout the day with rain.,rain,"93119099999,NZAA,93129099999,93110099999,C4778"
"Auckland,New Zealand",2023-06-23,17.1,11.3,13.6,17.1,11.3,13.6,12.1,91.1,12.299,100,12.5,rain,0,0,27.1,10.4,124.8,1006.7,48.8,8.1,46.8,4,3,10,2023-06-23T07:34:07,2023-06-23T17:12:02,0.16,"Rain, Partially cloudy",Partly cloudy throughout the day with rain.,rain,"93119099999,NZAA,93129099999,93110099999,C4778"
"Auckland,New Zealand",2023-06-24,18,12.2,14.4,18,12.2,14.4,12.7,89.8,1.349,100,16.67,rain,0,0,32,16.1,114.3,1009.1,66.5,8,73.1,6.2,4,10,2023-06-24T07:34:17,2023-06-24T17:12:18,0.19,"Rain, Partially cloudy",Partly cloudy throughout the day with a chance of rain throughout the day.,rain,"93119099999,NZAA,93129099999,93110099999,C4778"
"Auckland,New Zealand",2023-06-25,16.9,10.2,14,16.9,10.2,14,11.6,86.2,1.582,100,16.67,rain,0,0,34,18.1,123.9,1009.8,58.5,8.1,89.7,7.7,5,10,2023-06-25T07:34:26,2023-06-25T17:12:36,0.22,"Rain, Partially cloudy",Partly cloudy throughout the day with a chance of rain throughout the day.,rain,"93119099999,E0594,NZAA,93129099999,93110099999,C4778"
"Auckland,New Zealand",2023-06-26,16.9,7.1,11.9,16.9,7.1,11.8,10.3,90.6,3.117,100,8.33,rain,0,0,17.2,13.5,32.2,1005.8,36.1,7.4,89.6,7.6,5,10,2023-06-26T07:34:33,2023-06-26T17:12:55,0.25,"Rain, Partially cloudy",Becoming cloudy in the afternoon with rain.,rain,"93119099999,NZAA,93129099999,93110099999,C4778"
"Auckland,New Zealand",2023-06-27,14.4,9.1,11.5,14.4,7.5,11.2,10,91.2,13.692,100,12.5,rain,0,0,21.3,11,259.3,998.1,38.1,7.9,118.9,10.2,6,10,2023-06-27T07:34:39,2023-06-27T17:13:15,0.29,"Rain, Partially cloudy",Partly cloudy throughout the day with a chance of rain throughout the day.,rain,"93119099999,E2751,NZAA,93129099999,93110099999,C4778"
"Auckland,New Zealand",2023-06-28,15.6,11.1,13.4,15.6,11.1,13.4,10.7,83.8,0.767,100,8.33,rain,0,0,25.5,17.6,237.4,996.2,36.3,8.3,97.6,8.3,6,10,2023-06-28T07:34:43,2023-06-28T17:13:37,0.32,"Rain, Partially cloudy",Partly cloudy throughout the day with rain clearing later.,rain,"93119099999,E2751,NZAA,93129099999,93110099999,C4778"
"Auckland,New Zealand",2023-06-29,14.9,11,12.8,14.9,11,12.8,10,83.2,7.709,100,16.67,rain,0,0,46.1,22.2,260.9,991.9,59.8,6.8,96.7,8.2,4,10,2023-06-29T07:34:45,2023-06-29T17:14:00,0.35,"Rain, Partially cloudy",Partly cloudy throughout the day with a chance of rain throughout the day.,rain,"93119099999,NZAA,93129099999,93110099999,C4778"
"Auckland,New Zealand",2023-06-30,14.8,10.1,12,14.8,10.1,12,9,82.9,17.684,100,12.5,rain,0,0,41.4,28.8,260.4,989.9,78.9,6.3,64.5,5.5,3,10,2023-06-30T07:34:45,2023-06-30T17:14:25,0.39,"Rain, Partially cloudy",Partly cloudy throughout the day with rain.,rain,"93119099999,NZAA,93129099999,93110099999,C4778"
"Auckland,New Zealand",2023-07-01,14.1,11,12.5,14.1,11,12.5,8.4,76.2,14.857,100,16.67,rain,0,0,43.8,29.2,259.8,997.4,74.9,6.9,93,8,4,10,2023-07-01T07:34:44,2023-07-01T17:14:50,0.42,"Rain, Partially cloudy",Partly cloudy throughout the day with a chance of rain throughout the day.,rain,"93119099999,NZAA,93129099999,93110099999,C4778"
"Auckland,New Zealand",2023-07-02,14.5,10.9,12.7,14.5,10.9,12.7,9.2,79.1,6.2,100,16.67,rain,0,0,35.8,28.7,253.5,997.7,73.5,6.4,82.8,7.1,4,10,2023-07-02T07:34:41,2023-07-02T17:15:17,0.45,"Rain, Partially cloudy",Partly cloudy throughout the day with a chance of rain throughout the day.,rain,"93119099999,NZAA,93129099999,93110099999,C4778"
"Auckland,New Zealand",2023-07-03,15.2,10.4,12.9,15.2,10.4,12.9,9.3,79,10.058,100,16.67,rain,0,0,48.3,33.7,243.8,1001.2,83.5,5.6,62.7,5.4,3,10,2023-07-03T07:34:36,2023-07-03T17:15:45,0.5,"Rain, Partially cloudy",Partly cloudy throughout the day with a chance of rain throughout the day.,rain,"D0000,93119099999,NZAA,93129099999,93110099999,C4778"
"Auckland,New Zealand",2023-07-04,15,12.9,13.7,15,12.9,13.7,9.7,77.1,1.367,100,16.67,rain,0,0,38,26.4,237.8,1010.7,85.8,6.2,79.2,6.8,3,10,2023-07-04T07:34:30,2023-07-04T17:16:14,0.52,"Rain, Partially cloudy",Partly cloudy throughout the day with a chance of rain throughout the day.,rain,"93119099999,E2751,NZAA,93129099999,93110099999,C4778"
"Auckland,New Zealand",2023-07-05,14.9,12.8,13.9,14.9,12.8,13.9,10.2,78.8,0,0,0,rain,0,0,34.4,22.7,248.4,1013.5,87,8,55.2,4.8,3,10,2023-07-05T07:34:21,2023-07-05T17:16:44,0.55,Partially cloudy,Partly cloudy throughout the day.,partly-cloudy-day,"93119099999,NZAA,93129099999,93110099999,C4778"
"Auckland,New Zealand",2023-07-06,15.1,9,12.4,15.1,7.9,12.3,8.9,80,0.192,100,4.17,rain,0,0,23.7,13.5,228.9,1014.9,74.9,8.3,84.1,7.4,5,10,2023-07-06T07:34:11,2023-07-06T17:17:16,0.59,"Rain, Partially cloudy",Partly cloudy throughout the day with early morning rain.,rain,"93119099999,NZAA,93129099999,93110099999,C4778"
"Auckland,New Zealand",2023-07-07,15.4,5.9,11.9,15.4,4.6,11.6,9.3,85,0.508,100,4.17,rain,0,0,37.4,23,57.8,1012,56,7,40.5,3.6,3,10,2023-07-07T07:34:00,2023-07-07T17:17:48,0.62,"Rain, Partially cloudy",Partly cloudy throughout the day with late afternoon rain.,rain,"93119099999,NZAA,93129099999,93110099999,C4778"
"Auckland,New Zealand",2023-07-08,15.5,10,13.3,15.5,10,13.3,12.3,93.7,10.998,100,16.67,rain,0,0,21.3,15.3,12.5,998.7,60.7,7,73,6.5,8,10,2023-07-08T07:33:46,2023-07-08T17:18:22,0.66,"Rain, Partially cloudy",Partly cloudy throughout the day with a chance of rain throughout the day.,rain,"93119099999,NZAA,93129099999,93110099999,C4778"
"Auckland,New Zealand",2023-07-09,14.9,8.1,12.1,14.9,8.1,12.1,10.7,91.4,1.942,100,16.67,rain,0,0,30.4,23,246,998.1,49.3,5.9,77.7,6.8,6,10,2023-07-09T07:33:31,2023-07-09T17:18:56,0.69,"Rain, Partially cloudy",Partly cloudy throughout the day with a chance of rain throughout the day.,rain,"93119099999,NZAA,93129099999,93110099999,C4778"
"Auckland,New Zealand",2023-07-10,14.9,9.8,12.6,14.9,8.9,12.6,10.7,88.3,3.476,100,16.67,rain,0,0,25.9,14.3,250.4,1000.8,48,7.9,80.3,7,6,10,2023-07-10T07:33:14,2023-07-10T17:19:31,0.75,"Rain, Partially cloudy",Partly cloudy throughout the day with a chance of rain throughout the day.,rain,"93119099999,NZAA,93129099999,93110099999,C4778"
"Auckland,New Zealand",2023-07-11,15.5,11.8,13.3,15.5,11.8,13.3,10.3,82.2,3.075,100,12.5,rain,0,0,28.4,18.8,239.2,1008,61.5,7.1,107.8,9.4,6,10,2023-07-11T07:32:55,2023-07-11T17:20:08,0.76,"Rain, Partially cloudy",Partly cloudy throughout the day with rain.,rain,"93119099999,NZAA,93129099999,93110099999,C4778"
"Auckland,New Zealand",2023-07-12,15.9,11.5,13,15.9,11.5,13,9.5,79.8,3.484,100,16.67,rain,0,0,36.9,23,248.2,1012.1,78.7,7,89.1,7.6,6,10,2023-07-12T07:32:35,2023-07-12T17:20:45,0.8,"Rain, Partially cloudy",Partly cloudy throughout the day with a chance of rain throughout the day.,rain,"93119099999,NZAA,93129099999,93110099999,C4778"
"Auckland,New Zealand",2023-07-13,15,12,13.3,15,12,13.3,9,75.7,0.1,100,4.17,rain,0,0,30.2,23.6,245.7,1016.8,67.3,7,86.4,7.6,5,10,2023-07-13T07:32:12,2023-07-13T17:21:23,0.83,"Rain, Partially cloudy",Partly cloudy throughout the day with afternoon rain.,rain,"93119099999,NZAA,93129099999,93110099999,C4778"
"Auckland,New Zealand",2023-07-14,15.5,13,14,15.5,13,14,11.7,86.1,2.9,100,8.33,rain,0,0,28,21.9,252,1017.5,73.4,6,71.4,6.3,5,10,2023-07-14T07:31:48,2023-07-14T17:22:02,0.87,"Rain, Partially cloudy",Partly cloudy throughout the day with rain.,rain,"93119099999,NZAA,93129099999,93110099999,C4778"
"Auckland,New Zealand",2023-07-15,16.1,13,14.2,16.1,13,14.2,11.4,83.6,0.234,100,8.33,rain,0,0,25.9,19.2,244.7,1019.1,67.8,6.3,84.8,7.2,5,10,2023-07-15T07:31:23,2023-07-15T17:22:41,0.9,"Rain, Partially cloudy",Partly cloudy throughout the day with rain clearing later.,rain,"93119099999,NZAA,93129099999,93110099999,C4778"
"Auckland,New Zealand",2023-07-16,17,13,15.1,17,13,15.1,11.2,78.2,0.2,100,8.33,rain,0,0,29.1,22.3,270.1,1017.3,74.4,7.7,88.3,7.6,5,10,2023-07-16T07:30:55,2023-07-16T17:23:21,0.94,"Rain, Partially cloudy",Partly cloudy throughout the day with rain in the morning and afternoon.,rain,"93119099999,NZAA,93129099999,93110099999,C4778"
"Auckland,New Zealand",2023-07-17,15.5,12.1,13.4,15.5,12.1,13.4,9.6,78.3,0.108,100,8.33,rain,0,0,36.9,25.4,227.4,1020,71,6.6,119.8,10.3,7,10,2023-07-17T07:30:26,2023-07-17T17:24:02,0.97,"Rain, Partially cloudy",Partly cloudy throughout the day with rain clearing later.,rain,"93119099999,NZAA,93129099999,93110099999,C4778"
"Auckland,New Zealand",2023-07-18,15.9,10.8,13,15.9,10.8,13,10.6,85.4,1.167,100,12.5,rain,0,0,22.1,16.8,242.5,1021.2,37.6,7,141.7,12.3,7,10,2023-07-18T07:29:55,2023-07-18T17:24:44,0,"Rain, Partially cloudy",Clearing in the afternoon with rain.,rain,"93119099999,NZAA,93129099999,93110099999,C4778"
"Auckland,New Zealand",2023-07-19,15.2,9.1,12.1,15.2,7.9,11.9,9.8,86.2,0.192,100,4.17,rain,0,0,18.6,10.3,297,1018,50.4,8.1,87.7,7.5,4,10,2023-07-19T07:29:22,2023-07-19T17:25:26,0.04,"Rain, Partially cloudy",Partly cloudy throughout the day with morning rain.,rain,"93119099999,NZAA,93129099999,93110099999,C4778"
"Auckland,New Zealand",2023-07-20,15,7.9,12.3,15,6.7,12,10.2,87.1,0.334,100,12.5,rain,0,0,36.9,18.3,72.1,1010.7,51.8,8.2,48.7,4.2,3,10,2023-07-20T07:28:48,2023-07-20T17:26:09,0.07,"Rain, Partially cloudy",Partly cloudy throughout the day with rain.,rain,"93119099999,NZAA,93129099999,93110099999,C4778"
"Auckland,New Zealand",2023-07-21,13.9,11.2,12.7,13.9,11.2,12.7,9.5,81.6,39.599,100,16.67,rain,0,0,43.4,23.8,130.7,1002.2,77.9,6.6,26.5,2.3,2,10,2023-07-21T07:28:12,2023-07-21T17:26:52,0.11,"Rain, Partially cloudy",Partly cloudy throughout the day with a chance of rain throughout the day.,rain,"93119099999,NZAA,93129099999,93110099999,C4778"
"Auckland,New Zealand",2023-07-22,13.1,8.5,10.6,13.1,6.4,9.9,5.9,73.2,0,0,0,,0,0,27.5,18.1,195.3,1002.3,45.3,8.5,89.1,7.8,4,10,2023-07-22T07:27:35,2023-07-22T17:27:36,0.14,Partially cloudy,Partly cloudy throughout the day.,partly-cloudy-day,"93119099999,NZAA,93129099999,93110099999,C4778"
"Auckland,New Zealand",2023-07-23,14.1,7.1,10.4,14.1,6.1,9.8,7.6,83.6,0,0,0,rain,0,0,23.5,18.3,226.2,1000,50.7,8.2,149,12.8,8,10,2023-07-23T07:26:55,2023-07-23T17:28:20,0.17,Partially cloudy,Partly cloudy throughout the day.,partly-cloudy-day,"93119099999,NZAA,93129099999,93110099999,C4778"
"Auckland,New Zealand",2023-07-24,14.2,7.9,10.7,14.2,7.3,10.4,10.1,96.3,1.575,100,16.67,rain,0,0,17.2,12.2,244.4,1006.6,65.9,5.8,99,8.5,7,10,2023-07-24T07:26:15,2023-07-24T17:29:05,0.21,"Rain, Partially cloudy",Partly cloudy throughout the day with a chance of rain throughout the day.,rain,"93119099999,NZAA,93129099999,93110099999,C4778"
"Auckland,New Zealand",2023-07-25,14.2,8.4,12,14.2,8.1,12,10.1,88.4,1.358,100,12.5,rain,0,0,34.4,23.9,248.3,1011.2,63.9,6.7,86,7.4,4,10,2023-07-25T07:25:32,2023-07-25T17:29:50,0.24,"Rain, Partially cloudy",Partly cloudy throughout the day with rain.,rain,"93119099999,NZAA,93129099999,93110099999,C4778"
"Auckland,New Zealand",2023-07-26,12.5,7.3,10.8,12.5,6.5,10.5,6.3,73.8,6.399,100,16.67,rain,0,0,43.8,31.1,225.7,1011.7,56.5,7.2,110.2,9.4,6,10,2023-07-26T07:24:48,2023-07-26T17:30:36,0.25,"Rain, Partially cloudy",Partly cloudy throughout the day with a chance of rain throughout the day.,rain,"93119099999,NZAA,93129099999,93110099999,C4778"
"Auckland,New Zealand",2023-07-27,14.8,4,10.2,14.8,1.9,9.8,7.4,83,4.059,100,8.33,rain,0,0,39.1,26.9,241,1013.4,63,6.3,105.6,9.1,6,10,2023-07-27T07:24:03,2023-07-27T17:31:22,0.31,"Rain, Partially cloudy",Partly cloudy throughout the day with rain.,rain,"93119099999,NZAA,93129099999,93110099999,C4778"
"Auckland,New Zealand",2023-07-28,12.5,6.1,9.7,12.5,5,8.9,6.4,80.6,1.35,100,12.5,rain,0,0,33.3,23.4,199.8,1016.4,34.7,7.4,138.4,12,6,10,2023-07-28T07:23:16,2023-07-28T17:32:08,0.34,"Rain, Partially cloudy",Partly cloudy throughout the day with rain.,rain,"93119099999,NZAA,93129099999,93110099999,C4778"
"Auckland,New Zealand",2023-07-29,13.9,3.9,8.4,13.9,3.9,8.3,6.2,87.1,0.008,100,4.17,rain,0,0,13.2,11.4,233.1,1019.3,40.1,6.6,116,10,6,10,2023-07-29T07:22:27,2023-07-29T17:32:55,0.37,"Rain, Partially cloudy",Clearing in the afternoon with morning rain.,rain,"93119099999,NZAA,93129099999,93110099999,C4778"
"Auckland,New Zealand",2023-07-30,13.9,6.4,9.6,13.9,5.1,9.4,8.2,92,0.767,100,8.33,rain,0,0,10.7,6.6,266.2,1019.9,45.6,6.5,91.7,7.9,5,10,2023-07-30T07:21:37,2023-07-30T17:33:41,0.41,"Rain, Partially cloudy",Partly cloudy throughout the day with rain in the morning and afternoon.,rain,"93119099999,NZAA,93129099999,93110099999,C4778"
"Auckland,New Zealand",2023-07-31,15.5,5,9.8,15.5,4,9.6,8.4,91.8,0.392,100,8.33,rain,0,0,8.3,9.2,302.6,1020.9,73.9,5.6,119.2,10.3,6,10,2023-07-31T07:20:45,2023-07-31T17:34:29,0.44,"Rain, Partially cloudy",Partly cloudy throughout the day with rain in the morning and afternoon.,rain,"93119099999,E0594,NZAA,93129099999,93110099999,C4778"
"Auckland,New Zealand",2023-08-01,16.1,7.7,12.4,16.1,6,12,10.3,87.5,0.2,100,8.33,rain,0,0,25.9,12.8,315.8,1018.5,66.1,7.2,140.2,12.1,7,10,2023-08-01T07:19:52,2023-08-01T17:35:16,0.47,"Rain, Partially cloudy",Partly cloudy throughout the day with rain in the morning and afternoon.,rain,"93119099999,NZAA,93129099999,93110099999,C4778"
"Auckland,New Zealand",2023-08-02,14.9,8.1,11.7,14.9,4,10.7,7.6,76.5,8.715,100,16.67,rain,0,0,50.8,35.3,250.7,1013.2,87.1,6.8,68.8,6,5,10,2023-08-02T07:18:58,2023-08-02T17:36:03,0.5,"Rain, Partially cloudy",Partly cloudy throughout the day with a chance of rain throughout the day.,rain,"93119099999,NZAA,93129099999,93110099999,C4778"
"Auckland,New Zealand",2023-08-03,12,4.2,8.3,12,2.6,7.1,3,70.2,1.133,100,8.33,rain,0,0,32.9,17.6,195.7,1026.4,8.3,8.2,157.8,13.6,6,10,2023-08-03T07:18:02,2023-08-03T17:36:51,0.54,Rain,Clear conditions throughout the day with rain.,rain,"93119099999,NZAA,93129099999,93110099999,C4778"
"Auckland,New Zealand",2023-08-04,14.5,3.7,10,14.5,2.9,9.9,7.4,84.3,0.008,100,4.17,rain,0,0,26.2,17.2,215.9,1029.3,52.7,7.2,146.6,12.7,7,10,2023-08-04T07:17:04,2023-08-04T17:37:39,0.58,"Rain, Partially cloudy",Partly cloudy throughout the day with afternoon rain.,rain,"93119099999,NZAA,93129099999,93110099999,C4778"
"Auckland,New Zealand",2023-08-05,16.5,7.5,12.5,16.5,7.5,12.5,9.3,81.7,0,0,0,rain,0,0,23.3,13,195,1029.2,41.1,7.7,156.2,13.5,6,10,2023-08-05T07:16:06,2023-08-05T17:38:27,0.61,Partially cloudy,Clearing in the afternoon.,partly-cloudy-day,"93119099999,NZAA,93129099999,93110099999,C4778"
"Auckland,New Zealand",2023-08-06,15,5.8,10.1,15,5.8,10,8.5,90.8,0.008,100,4.17,rain,0,0,5.6,11,218.9,1026.5,20.3,6.4,152.5,13.1,9,10,2023-08-06T07:15:06,2023-08-06T17:39:15,0.64,"Rain, Partially cloudy",Becoming cloudy in the afternoon with afternoon rain.,rain,"93119099999,NZAA,93129099999,93110099999,C4778"
"Auckland,New Zealand",2023-08-07,15,7.4,11.1,15,6.3,10.8,9.3,89.3,0.3,100,12.5,rain,0,0,13.4,12.8,292.3,1020.2,66.1,5.4,80.3,7,3,10,2023-08-07T07:14:05,2023-08-07T17:40:04,0.68,"Rain, Partially cloudy",Partly cloudy throughout the day with afternoon rain.,rain,"93119099999,NZAA,93129099999,93110099999,C4778"
"Auckland,New Zealand",2023-08-08,13,8,10.6,13,6.3,9.6,8.5,87.6,3.2,100,33.33,rain,0,0,28.9,17.2,247.6,1015.8,71.8,5.9,78,6.6,5,10,2023-08-08T07:13:02,2023-08-08T17:40:52,0.75,"Rain, Partially cloudy",Partly cloudy throughout the day with rain.,rain,"NZAA,C4778"
